TC-3-S1-RES;Fondamentaux des réseaux;MAC;RST;;"C2 ""Spécifier, concevoir et modéliser des réseaux de communication et des protocoles""";3;
;;;;Capacité;Choisir la meilleure stratégie de reprise sur erreur dans un réseau;;
;;;;Connaissance;Décrire le role et les fonctionnalités de la couche MAC dans un réseau;;
;;;;Connaissance;Aloha;;
;;;;Connaissance;CSMA/CD;;
;;;;Connaissance;CSMA/CA;;
;;;;Connaissance;WiFi;;
;;;;Connaissance;Ethernet;;
;;;;Connaissance;Spanning Tree;;
;;;;;"C6 ""Mettre en œuvre, réaliser, développer, déployer des réseaux et des protocoles""";2;
;;;;Capacité;Identifier les méthodes de partage de canal utilisables dans un réseau.;;
;;;;Connaissance;TDMA;;
;;;;Connaissance;FDMA;;
;;;;Connaissance;CDMA;;
;;;;;"A3 ""Mettre en œuvre une démarche scientifique""";M;
;;;;;"A5 ""Identifier, formuler et résoudre un problème d'ingénierie complexe""";M;
TC-3-S1-RES;Fondamentaux des réseaux;IP;RST;;"C2 ""Spécifier, concevoir et modéliser des réseaux de communication et des protocoles""";3;
;;;;Capacité;Décrire le role et les fonctionnalités de la couche réseau.;;
;;;;Capacité;Décrire le role et les fonctionnalités de la couche transport;;
;;;;Connaissance;IPv4;;
;;;;Connaissance;IPv6;;
;;;;Connaissance;ICMP;;
;;;;Connaissance;TCP;;
;;;;Connaissance;UDP;;
;;;;;"A2 ""Développer une démarche expérimentale""";2;
;;;;Capacité;Déployer et configurer un réseau local;;
;;;;Capacité;Câbler, manipuler une baie de brassage;;
;;;;Capacité;Utiliser le logiciel Wireshark pour collecter et analyser des traces;;
;;;;Capacité;Mesurer les performances d'un réseau local;;
;;;;;"C6 ""Mettre en œuvre, réaliser, développer, déployer des réseaux et des protocoles""";2;
;;;;Capacité;Concevoir un plan d'adressage pour un réseau local;;
;;;;Connaissance;DHCP;;
;;;;Connaissance;DNS;;
;;;;Connaissance;NAT;;
TC-3-S1-SCM;Systèmes de communication;CMN;KID;;"C5 ""Mettre en oeuvre, réaliser, développer, déployer des systèmes de transmission et de traitement des signaux/images/données""";2;x
;;;;Capacité;Manipuler des codes numériques ;;
;;;;Capacité;Mettre en œuvre des codeurs source/canal ;;
;;;;Connaissance;Codage de l'information, Algèbre de Boole, Logique combinatoire et logique séquentielle;;
;;;;Connaissance;Codage de source : Théorème du codage de source, codage Shannon-Fano, codage de Huffman, codage Arithmétique, codage RLC et codage LZW ;;
;;;;Connaissance;Codage de canal  : Théorème du codage de canal, codes groupes (Hamming), codes cycliques (BCH), codes convolutifs.;;
;;;;;"C8 ""Opérer, analyser, améliorer des systèmes numériques""";2;
;;;;Capacité;Analyser des systèmes logiques ;;
;;;;Capacité;Evaluer les performances d'une modulation numérique ;;
;;;;Capacité;Analyser la structure d'un modulateur numérique.;;
;;;;Connaissance;Principe des modulations numériques, critères d'évaluation ;;
;;;;Connaissance;Modulation des signaux numériques: par déplacement d'amplitude (MDA), de phase (MDP) et de fréquence (MDF) et modulation QAM. ;;
;;;;Connaissance;Structure des modulateurs et démodulateurs.;;
;;;;;"C1 ""Spécifier, concevoir et modéliser des systèmes de transmission et de traitement des signaux/images/données""";1;
;;;;Capacité;Dimensionner et évaluer des codeurs (source/canal);;
;;;;Capacité;Réaliser une modélisation et une analyse fonctionnelles d'un système de transmission numérique;;
;;;;Connaissance;Codage de source, codage de canal ;;
;;;;Connaissance;Modulation des signaux numériques: par déplacement d'amplitude (MDA), de phase (MDP) et de fréquence (MDF) et modulation QAM. ;;
;;;;;"A1 ""Résoudre les questions posées par un problème scientifique en étant conscient des limites""";M;
;;;;;"A3 ""Mettre en œuvre une démarche scientifique""";M;
;;;;;"B2 ""Travailler, apprendre, évoluer de manière autonome""";M;
;;;;;"B3 ""Interagir avec les autres, travailler en équipe""";M;
TC-3-S1-SCM;Systèmes de communication;ACM;CGO;;"C1 ""Spécifier, concevoir et modéliser des systèmes de transmission et de traitement des signaux/images/données""";2;x
;;;;Capacité;Evaluer la qualité d'un signal reçu;;
;;;;Capacité;Evaluer les principaux paramètres des différentes modulations analogiques;;
;;;;Connaissance;Diagramme de rayonnement;;
;;;;Connaissance;Modèle d'un canal radio en espace libre et avec 1 réflexion;;
;;;;Connaissance;Caractéristiques des antennes;;
;;;;Connaissance;Caractéristiques des différentes techologies de modulation;;
;;;;Connaissance;Fonctionnement d'une antenne;;
;;;;Connaissance;Gain;;
;;;;Connaissance;Propagation en espace libre;;
;;;;Connaissance;Modèle à 2 raies;;
;;;;Connaissance;Bilan de liaison;;
;;;;Connaissance;Modulation analogique;;
;;;;Connaissance;Modulation d'amplitude;;
;;;;Connaissance;Modulation de fréquence;;
;;;;Connaissance;SNR;;
;;;;;"A1 ""Résoudre les questions posées par un problème scientifique en étant conscient des limites""";M;
;;;;;"A3 ""Mettre en œuvre une démarche scientifique""";M;
;;;;;"A5 ""Identifier, formuler et résoudre un problème d'ingénierie complexe""";M;
;;;;;"B3 ""Interagir avec les autres, travailler en équipe""";M;
;;;;;"B2 ""Travailler, apprendre, évoluer de manière autonome""";M;
TC-3-S1-BIA;Bases de l'informatique et Architecture;PIT;JDI;;"C3 ""Spécifier, concevoir et modéliser des algorithmes et des programmes informatiques""";1;x
;;;;Connaissance;Opérations basiques (déplacement, écriture, enregistrement) sous vi ;;
;;;;Connaissance; Opérations standard (copier, coller, annuler) sous vi ;;
;;;;Connaissance;Opérations avancées (split, fusion, recherche) sous vi ;;
;;;;Connaissance;Interpréteur de commandes Python  ;;
;;;;Connaissance;Concepts basiques (listes, tuples, dictionnaires, structures conditionnelles, boucles) sous Python  ;;
;;;;Connaissance;Concepts standard (modularité, exceptions, classes, manipulation de fichiers) sous Python  ;;
;;;;Connaissance;Script Bash;;
;;;;Connaissance;Instructions simples de l’interpréteur de commandes Python;;
;;;;;"C7 ""Mettre en œuvre, réaliser, développer, déployer des programmes informatiques""";1;
;;;;Capacité;Manipuler des variables sous Bash et Python;;
;;;;Capacité;Traduire un énoncé simple en un programme fonctionnel  Bash ou Python;;
;;;;;"B2 ""Travailler, apprendre, évoluer de manière autonome""";M;
;;;;Capacité;Suivre un tutoriel en autonomie ;;
TC-3-S1-BIA;Bases de l'informatique et Architecture;3TC-ARC;TRI;;"A5 ""Identifier, formuler et résoudre un problème d'ingénierie complexe""";3;
;;;;;"C3 ""Spécifier, concevoir et modéliser des algorithmes et des programmes informatiques""";1;
;;;;;"C8 ""Opérer, analyser, améliorer des systèmes numériques""";1;
;;;;Capacité;Coder et décoder une information en binaire;;
;;;;Capacité;Construire des circuits combinatoires complexes;;
;;;;Capacité;Modéliser le comportement d'un circuit séquentiel par un automate fini;;
;;;;Capacité;Construire le circuit séquentiel correspondant à un automate fini;;
;;;;Capacité;Evaluer les coûts en temps et en espace d'un circuit numérique;;
;;;;Connaissance;Codage de l'information;;
;;;;Connaissance;Logique booléenne;;
;;;;Connaissance;Logique séquentielle;;
;;;;Connaissance;Jeu d'instruction;;
;;;;Connaissance;Architecture d'un (vrai) processeur;;
;;;;Connaissance;Notions de Langage de haut niveau et compilation;;
TC-3-S1-PRO;Programmation;PPC;RKE;;"A5 ""Identifier, formuler et résoudre un problème d'ingénierie complexe""";2;
;;;;;"C3 ""Spécifier, concevoir et modéliser des algorithmes et des programmes informatiques""";2;
;;;;;"C7 ""Mettre en œuvre, réaliser, développer, déployer des programmes informatiques""";2;
;;;;Capacité;Mise en œuvre des outils de communication et synchronisation  en langage Python (tubes, signaux, files de messages, mémoires partagées, sémaphores);;
;;;;Capacité;Concevoir, implanter et analyser des programmes en exécution parallèle et concurrente en langage Python;;
;;;;Connaissance;Fondamentaux des systèmes d'exploitation (structure, services, interruptions);;
;;;;Connaissance;Processus;;
;;;;Connaissance;Fils d'exécution;;
;;;;Connaissance;Modèles de communication inter-processus;;
;;;;Connaissance;Mécanismes de synchronisation entre processus et fils d'exécution;;
;;;;;"B2 ""Travailler, apprendre, évoluer de manière autonome""";M;
;;;;;"B3 ""Interagir avec les autres, travailler en équipe""";M;
TC-3-S1-PRO;Programmation;ELP;TRO;;"C3 ""Spécifier, concevoir et modéliser des algorithmes et des programmes informatiques""";2;x
;;;;Capacité;Traduire l'énoncé mathématique d'un problème en un programme fonctionnel;;
;;;;Capacité;Structurer des programmes java et python;;
;;;;Capacité;Choisir de coder pour des comportements plutôt que pour des objets particuliers;;
;;;;Connaissance;Principe de récurrence, structures de données récursives (listes, arbres),;;
;;;;Connaissance;Polymorphisme (en java),;;
;;;;Connaissance;Duck typing (en python),;;
;;;;;"C7 ""Mettre en œuvre, réaliser, développer, déployer des programmes informatiques""";2;
;;;;Capacité;Exécuter de manière asynchrone un flot de fonctions en javascript;;
;;;;Capacité;Exécuter des tâches en concurrence en go.;;
;;;;Capacité;Prototyper un flot de traitements de données en python.;;
;;;;Connaissance;Callback et promesse javascript, goroutine et channel,;;
;;;;Connaissance;Visualisation de données avec NumPy, SciPy et matplotlib.;;
;;;;;"A4 ""Mettre en perspective les connaissances scientifiques avec l'évolution des savoirs et des technologies""";M;
TC-3-S1-OTE;Outils théoriques;ALG;OSI;;"A1 ""Résoudre les questions posées par un problème scientifique en étant conscient des limites""";3;
;;;;;"A5 ""Identifier, formuler et résoudre un problème d'ingénierie complexe""";3;
;;;;;"C3 ""Spécifier, concevoir et modéliser des algorithmes et des programmes informatiques""";3;
;;;;;"A3 ""Mettre en œuvre une démarche scientifique""";1;
;;;;Connaissance;Notions de l'algorithmique :  définition, écriture, preuve, complexité en temps et mémoire;;
;;;;Connaissance;Algorithmes fondamentaux :  tris, file/liste, parcours d'arbre, de graphes;;
;;;;;"B2 ""Travailler, apprendre, évoluer de manière autonome""";M;
TC-3-S1-OTE;Outils théoriques;PBS;SPE;;"A3 ""Mettre en œuvre une démarche scientifique""";3;
;;;;Capacité;Modéliser une expérience aléatoire : univers, évènement, variables aléatoire, signal aléatoire;;
;;;;Capacité;Exploiter la modélisation statistique d'un problème pour le résoudre en calculant une probablité, une espérance, la dsp d'un signal aléatoire, etc ;;
;;;;Connaissance;Univers, expérience, évènement. Notion de probabilité (fréquentielle, axiomatique). Prob. élémentaires et conditionnelles, indépendance, théorème de Bayes;;
;;;;Connaissance;Principales lois de probabilité des variables aléatoires discrètes et continues. Espérance, variance, fonction d'une variable aléatoire.;;
;;;;Connaissance;Théorème de Bienaymé-Tchebycheff, Théorème de Bernouilli, Théorème central limite;;
;;;;Connaissance;Couples de variables aléatoires : loi conjointe, lois marginales, conditionnelles. Covariance, coef de corrélation. Fonction d'un couple de variables aléatoires;;
;;;;Connaissance;Processus stochastique, stationnarité et ergodisme, dsp d'un signal aléatoire (théorème de Wiener Khintchine), filtrage d'un signal aléatoire.;;
;;;;Connaissance;Variable aléatoire, loi de probabilité, loi normale, Théorème Central Limite, Modèle;;
;;;;;"A5 ""Identifier, formuler et résoudre un problème d'ingénierie complexe""";1;
;;;;Capacité;Modéliser une expérience aléatoire : univers, évènement, variables aléatoire, signal aléatoire;;
;;;;Connaissance;Principales lois de probabilité des variables aléatoires discrètes et continues. Espérance, variance, fonction d'une variable aléatoire.;;
;;;;Connaissance;Théorème de Bienaymé-Tchebycheff, Théorème de Bernouilli, Théorème central limite;;
;;;;Connaissance;Couples de variables aléatoires : loi conjointe, lois marginales, conditionnelles. Covariance, coef de corrélation. Fonction d'un couple de variables aléatoires;;
;;;;Connaissance;Loi d'erlang, canal de rayleigh, détection;;
;;;;;"A2 ""Développer une démarche expérimentale""";M;
;;;;Connaissance;Principales lois de probabilité des variables aléatoires discrètes et continues. Espérance, variance, fonction d'une variable aléatoire.;;
;;;;Connaissance;Matlab, histogramme, caal de rayleigh;;
TC-3-S1-OTE;Outils théoriques;SIS;CMU;;"C1 ""Spécifier, concevoir et modéliser des systèmes de transmission et de traitement des signaux/images/données""";2;x
;;;;Capacité;Caractériser en temps et en fréquence un « signal déterministe » ;;
;;;;Capacité;Caractériser en temps et en fréquence un « Système Linéaire Temporellement Invariant (SLTI)»;;
;;;;Capacité;Choisir la représentation la plus adaptée au signal à étudier et analyser ce signal en temps et en fréquence;;
;;;;Capacité;Calculer la sortie d'un SLTI par l'opération de convolution;;
;;;;Capacité;Déterminer la sortie d'un système régi par une équation différentielle à coefficients constants, initialement au repos ou non;;
;;;;Capacité;Déterminer la sortie d'un système régi par une équation aux différences à coefficients constants, initialement au repos ou non;;
;;;;Capacité;Calculer la sortie d'un SLTI à l'aide des Transformées (Fourier, Laplace, Z);;
;;;;Capacité;Echantillonner un signal ;;
;;;;Connaissance;Représentation des signaux déterministes;;
;;;;Connaissance;Signaux particuliers: Dirac, Peigne de Dirac, échelon, sinusoïde, exponentielle complexe;;
;;;;Connaissance;Transformation de la variable changement d'échelle, inversion temporelle;;
;;;;Connaissance;Corrélation entre les signaux, autocorrélation, intercorrélation;;
;;;;Connaissance;Stabilité, causalité, invariance temporelle;;
;;;;Connaissance;Réponse impulsionnelle, réponse indicielle;;
;;;;Connaissance;Opération de convolution;;
;;;;Connaissance;Séries de Fourier, ;;
;;;;Connaissance;Transformée de Fourier: en temps continu et en temps discret, DFT.;;
;;;;Connaissance;Transformée de Laplace, Transformée en Z. ;;
;;;;Connaissance;Réponse fréquentielle, diagramme de Bode, densité spectrale ;;
;;;;Connaissance;Fonction de transfert;;
;;;;Connaissance;Filtres de 1er ordre et 2nd ordre;;
;;;;Connaissance;Filtrage adapté;;
;;;;Connaissance;Théorème de l'échantillonnage;;
;;;;Connaissance;Signal déterministe, Système Linéaire Temporellement Invariant (SLTI), analyse temporelle et fréquentielle, Transformées, Echantillonnage;;
;;;;;"C5 ""Mettre en oeuvre, réaliser, développer, déployer des systèmes de transmission et de traitement des signaux/images/données""";1;
;;;;Capacité;Détecter un signal par filtrage adapté;;
;;;;Capacité;Filtrer un signal;;
;;;;Connaissance;Corrélation entre les signaux, autocorrélation, intercorrélation;;
;;;;Connaissance;Opération de convolution;;
;;;;Connaissance;Filtres de 1er ordre et 2nd ordre;;
;;;;Connaissance;Filtrage adapté;;
;;;;Connaissance;Filtrage, Matlab, FDATool;;
;;;;;"A1 ""Résoudre les questions posées par un problème scientifique en étant conscient des limites""";M;
;;;;;"A3 ""Mettre en œuvre une démarche scientifique""";M;
;;;;;"A5 ""Identifier, formuler et résoudre un problème d'ingénierie complexe""";M;
;;;;;"B1 ""Se connaître, se gérer physiquement et mentalement""";M;
;;;;;"B2 ""Travailler, apprendre, évoluer de manière autonome""";M;
TC-3-S1-HUMA;Humanités 1 ;CTC;CMU;;"B6 ""Se situer, travailler, évoluer dans une entreprise, une organisation socio-productive""";2;x
;;;;Capacité;Analyser les dimensions technique, sociologique et économique des télécommunications;;
;;;;Capacité;Réaliser une recherche documentaire;;
;;;;Capacité;Réaliser une présentation adaptée à la cible;;
;;;;Connaissance;Acquérir une culture générale du secteur des télécoms;;
;;;;Connaissance;Culture générale, communication orale, recherche documentaire;;
;;;;;"B2 ""Travailler, apprendre, évoluer de manière autonome""";M;
;;;;;"B3 ""Interagir avec les autres, travailler en équipe""";M;
;;;;;"A1 ""Résoudre les questions posées par un problème scientifique en étant conscient des limites""";M;
;;;;;"A3 ""Mettre en œuvre une démarche scientifique""";M;
;;;;;"A5 ""Identifier, formuler et résoudre un problème d'ingénierie complexe""";M;
TC-3-S1-HUMA;Humanités 1 ;ANG;VMU;;"B7 ""Travailler dans un contexte international et interculturel""";3;x
;;;;Capacité;comprendre des documents authentiques audio-visuels;;
;;;;Capacité;parler d'un phénomène de société OU;;
;;;;Capacité;parler d'un phénomène culturel OU;;
;;;;Capacité;parler d'un phénomène scientifique;;
;;;;Capacité;avoir une conversation adaptée au niveau ciblé;;
;;;;Capacité;comprendre des documents authentiques écrits;;
;;;;Capacité;produire divers types de textes;;
;;;;Connaissance;mettre en œuvre la Grammaire et le vocabulaire présentés en cours;;
;;;;Connaissance;comprendre et mettre en œuvre les codes linguistiques sociaux propres aux divers registres et cultures;;
TC-3-S1-HUMA;Humanités 1 ;SPO;VMU;;"B1 ""Se connaître, se gérer physiquement et mentalement""";3;x
;;;;;"B2 ""Travailler, apprendre, évoluer de manière autonome""";3;
;;;;;"B3 ""Interagir avec les autres, travailler en équipe""";1;
;;;;;"B4 ""Faire preuve de créativité, innover, entreprendre""";2;
;;;;;"B5 ""Agir de manière responsable dans un monde complexe""";2;
;;;;;"B6 ""Se situer, travailler, évoluer dans une entreprise, une organisation socio-productive""";M;
;;;;;"B7 ""Travailler dans un contexte international et interculturel""";M;
TC-3-S2-TSC;Traitement du signal et C;TSA;KID;;"C1 ""Spécifier, concevoir et modéliser des systèmes de transmission et de traitement des signaux/images/données""";2;x
;;;;Capacité;Etre capable de modéliser et de concevoir un filtre numérique;;
;;;;Capacité;Etre capable d'analyser les propriétés/caractéristiques des filtres numériques;;
;;;;Connaissance;Les principes du filtrage numérique;;
;;;;Connaissance;Les méthodes pour le calcul des filtres numériques;;
;;;;Connaissance;Les contraintes liées à l'environnement numérique;;
;;;;Connaissance;les méthodes d'évaluation des performances des filtres numériques;;
;;;;Connaissance;Signaux et système, filtres numériques, échantillonnage;;
;;;;;"C5 ""Mettre en oeuvre, réaliser, développer, déployer des systèmes de transmission et de traitement des signaux/images/données""";2;
;;;;Capacité;Etre capable d'implémenter un filtre numérique sur un DSP;;
;;;;Capacité;Etre capable d'utiliser des logiciels de simulation pour simuler / évaluer des filtres numériques;;
;;;;Connaissance;Les techniques d'implémentation des filtres numériques ;;
;;;;Connaissance;La mise en œuvre d'un système de développement pour DSP;;
;;;;Connaissance;Structure des filtres numériques,  DSP;;
;;;;;"A2 ""Développer une démarche expérimentale""";M;
;;;;;"A5 ""Identifier, formuler et résoudre un problème d'ingénierie complexe""";M;
;;;;;"B2 ""Travailler, apprendre, évoluer de manière autonome""";M;
;;;;;"B3 ""Interagir avec les autres, travailler en équipe""";M;
TC-3-S2-TSC;Traitement du signal et C;CRO;TRI;;"C3 ""Spécifier, concevoir et modéliser des algorithmes et des programmes informatiques""";3;
;;;;;"C7 ""Mettre en œuvre, réaliser, développer, déployer des programmes informatiques""";3;
;;;;Capacité;Concevoir un algorithme à partir d'un problème;;
;;;;Capacité;Maîtriser la récursivité;;
;;;;Capacité;Choisir une structure de donnée pour implémenter un algorithme;;
;;;;Capacité;Maîtriser le mécanisme d'indirection (pointeurs en C);;
;;;;Capacité;Concevoir, réaliser, déverminer, optimiser un programme en C pour résoudre un problème.;;
;;;;Capacité;Utiliser les outils de compilation et déverminage: gcc, gdb, make, valgrind.;;
;;;;Capacité;Utiliser les outils de méta-compilation sur des exemple simple: lex, yacc.;;
;;;;Connaissance;Liste chainée, tableau, arbre;;
;;;;Connaissance;Le Langage C;;
;;;;Connaissance;Base de l'exécutif: chaîne de compilation, exécution d'un programme, pile d'exécution;;
;;;;Connaissance;Connaitre les bases des grammaire et de la compilation des langages de programmation;;
;;;;;"A5 ""Identifier, formuler et résoudre un problème d'ingénierie complexe""";1;
;;;;;"A3 ""Mettre en œuvre une démarche scientifique""";M;
;;;;;"B3 ""Interagir avec les autres, travailler en équipe""";M;
TC-3-S2-WER;Web et Réseau;WEB;FLM;;"A4 ""Mettre en perspective les connaissances scientifiques avec l'évolution des savoirs et des technologies""";2;
;;;;;"A5 ""Identifier, formuler et résoudre un problème d'ingénierie complexe""";2;
;;;;;"C3 ""Spécifier, concevoir et modéliser des algorithmes et des programmes informatiques""";2;
;;;;;"C7 ""Mettre en œuvre, réaliser, développer, déployer des programmes informatiques""";2;
;;;;;"C9 ""Conduire des projets dans le domaine du numérique""";1;
;;;;;"B3 ""Interagir avec les autres, travailler en équipe""";1;
;;;;Capacité;Modéliser, concevoir et interroger un système d'information;;
;;;;Capacité;Mener une analyse conceptuelle;;
;;;;Capacité;Développer des applications web modernes;;
;;;;Capacité;Déployer des applications sur le web;;
;;;;Connaissance;Différences entre bases de données relationnelles, NoSQL, objets;;
;;;;Connaissance;Format Entité/Association et schéma relationnel;;
;;;;Connaissance;Écriture de requêtes au format SQL et prise en compte des contraintes de clés primaires et étrangères;;
;;;;Connaissance;Services WEB et protocoles client-serveur;;
;;;;Connaissance;Protocole HTTP;;
;;;;Connaissance;Langage HTML, CSS;;
;;;;Connaissance;Structuration modèle-vue-controlleur;;
;;;;Connaissance;Moteurs de rendu coté serveur;;
;;;;Connaissance;Applications riches coté client (Ajax, JavaScript);;
;;;;Connaissance;Déploiements multi-instances avec serveur HTTP;;
;;;;Connaissance;CGI, FastCGI, Proxy HTTP, modules Sécurisation HTTPS;;
;;;;Connaissance;Maintien de sessions applicatives;;
;;;;;"C6 ""Mettre en œuvre, réaliser, développer, déployer des réseaux et des protocoles""";M;
;;;;;"A2 ""Développer une démarche expérimentale""";M;
;;;;;"B2 ""Travailler, apprendre, évoluer de manière autonome""";M;
TC-3-S2-WER;Web et Réseau;NRP;ISO;;"C6 ""Mettre en œuvre, réaliser, développer, déployer des réseaux et des protocoles""";1;x
;;;;Capacité;Configurer des éléments actifs (switch, routeur) d'un réseau dans des architectures élémentaires LOAN et WAN;;
;;;;Capacité;Implémenter le routage des réseaux à l'échelle de l'Internet;;
;;;;Capacité;Mettre en oeuvre une diffusion Multicast Vidéo;;
;;;;Capacité;Implémenter le routage des Réseaux IPv6, RIPng, OSPFv4 et BGP;;
;;;;Connaissance;Principes du routage IP et algorithmes associés Bellman Ford, Dijkstra;;
;;;;Connaissance;Protocoles de routage intérieur RIP, OSPF et extérieur à l'Internet, BGP;;
;;;;Connaissance;Protocole IP Multicast PIM Dense et Sparse;;
;;;;Connaissance;Routage IPV6 et Tunnel IPV4 IPV6;;
;;;;;"C2 ""Spécifier, concevoir et modéliser des réseaux de communication et des protocoles""";M;
;;;;;"C5 ""Mettre en oeuvre, réaliser, développer, déployer des systèmes de transmission et de traitement des signaux/images/données""";M;
;;;;;"B3 ""Interagir avec les autres, travailler en équipe""";M;
TC-3-S2-PRA;Pratique et projets;PWEB;FLM;;"A4 ""Mettre en perspective les connaissances scientifiques avec l'évolution des savoirs et des technologies""";2;
;;;;;"A5 ""Identifier, formuler et résoudre un problème d'ingénierie complexe""";2;
;;;;;"C3 ""Spécifier, concevoir et modéliser des algorithmes et des programmes informatiques""";2;
;;;;;"C7 ""Mettre en œuvre, réaliser, développer, déployer des programmes informatiques""";2;
;;;;;"C9 ""Conduire des projets dans le domaine du numérique""";1;
;;;;;"B3 ""Interagir avec les autres, travailler en équipe""";1;
;;;;;"C6 ""Mettre en œuvre, réaliser, développer, déployer des réseaux et des protocoles""";M;
;;;;;"A2 ""Développer une démarche expérimentale""";M;
;;;;Capacité;Effectuer une veille technologique sur les frameworks web;;
;;;;Capacité;Modéliser, concevoir un système d'information;;
;;;;Capacité;Intégrer différents outils/frameworks web de programmation front/back-end;;
;;;;Capacité;Effectuer des tests de déploiement à partir d'un use case précis;;
;;;;Capacité;Effectuer une démonstration des fonctionnalités du site déployé;;
;;;;Connaissance;Langage de programmation Web dynamique (python, javascript, PHP, etc);;
;;;;Connaissance;Langage de structuration de données Web (JSON, XML, HTML, etc);;
;;;;Connaissance;Modèles de structuration d'application Web (MVC, MVT, Microservices,    etc);;
;;;;;"B2 ""Travailler, apprendre, évoluer de manière autonome""";M;
TC-3-S2-PRA;Pratique et projets;TPS;CMU;;"C1 ""Spécifier, concevoir et modéliser des systèmes de transmission et de traitement des signaux/images/données""";2;
;;;;Capacité;Réaliser des mesures expérimentales ;;
;;;;Capacité;Savoir utiliser et manipuler l'instrumentation de laboratoire (générateurs de signaux, oscilloscope, analyseur de spectre) ;;
;;;;Capacité;Analyser en temps et en fréquence un signal analogique ou numérique;;
;;;;Capacité;Implanter des filtres numériques sur des systèmes temps réel;;
;;;;Capacité;Caractériser des modulations analogiques (AM et FM), fréquences, puissances (porteuses et modulant), taux de modulation, excursion en fréquence ;;
;;;;Capacité;Modéliser et caractériser des modulations numériques (BPSK,QPSK, MPSK) sous Simulink ;;
;;;;Capacité;Démoduler numériquement un signal FM ;;
;;;;Capacité;Faire un bilan de liaison d'une chaine de transmission radio;;
;;;;Connaissance;Mesures et analyse de signaux , DSP d'un bruit blanc;;
;;;;Connaissance;Caractérisation d'un système (réponse impulsionnelle et fréquentielle);;
;;;;Connaissance;Techniques d'implantation de filtres en temps réel (ligne à retard, buffer circulaire, trame);;
;;;;Connaissance;Etude d'un signal radio, caractéristiques d'une antenne, bilan de liaison, pertes, diagramme de rayonnement.;;
;;;;Connaissance;Paramètres d'une modulation numérique: rapidité de modulation, débit, filtres de mise en forme, constellation, diagramme de l'oeil, EVM;;
;;;;Connaissance;FDATool, Simulink USRP radio, GNU Radio companion, Analyse spectrale;;
;;;;;"C5 ""Mettre en oeuvre, réaliser, développer, déployer des systèmes de transmission et de traitement des signaux/images/données""";2;
;;;;Capacité;Synthétiser et implanter des filtres numériques sur DSP Texas Instrument;;
;;;;Capacité;Synthétiser et implanter des filtres numériques sur FPGA en VHDL;;
;;;;Capacité;Maitriser un environnement de développement et de test pour DSP (Code Composer Studio, Matlab).;;
;;;;Capacité;Maitriser un environnement de développement et de test pour FPGA (Altera, Matlab, Simulink).;;
;;;;Capacité;Configurer des cartes de transmission radio (USRP, Dongle USB RTL-SDR radio) ;;
;;;;Capacité;Manipuler des systèmes de développement radio logicielle (GNU Radio, Communications System Toolbox Support Package for USRP Radio). ;;
;;;;Capacité;Etudier un récepteur FM conçu dans un environnement de radio logicielle;;
;;;;Connaissance;Mesures et analyse de signaux , DSP d'un bruit blanc;;
;;;;Connaissance;Caractérisation d'un système (réponse impulsionnelle et fréquentielle);;
;;;;Connaissance;Techniques d'implantation de filtres en temps réel (ligne à retard, buffer circulaire, trame);;
;;;;Connaissance;Etude d'un signal radio, caractéristiques d'une antenne, bilan de liaison, pertes, diagramme de rayonnement.;;
;;;;Connaissance;Paramètres d'une modulation numérique: rapidité de modulation, débit, filtres de mise en forme, constellation, diagramme de l'oeil, EVM;;
;;;;Connaissance;DSP, FPGA,  VHDL,Matlab, FDATool, Antenne;;
;;;;;"B3 ""Interagir avec les autres, travailler en équipe""";M;
;;;;;"A2 ""Développer une démarche expérimentale""";M;
;;;;;"A1 ""Résoudre les questions posées par un problème scientifique en étant conscient des limites""";M;
;;;;;"A3 ""Mettre en œuvre une démarche scientifique""";M;
;;;;;"A5 ""Identifier, formuler et résoudre un problème d'ingénierie complexe""";M;
;;;;;"B1 ""Se connaître, se gérer physiquement et mentalement""";M;
TC-3-S2-PRA;Pratique et projets;ASDS;CGO;;"B2 ""Travailler, apprendre, évoluer de manière autonome""";3;x
;;;;Capacité;Savoir trouver des documents pertinents et fiables par rapport à un problème posé;;
;;;;Capacité;Analyser la structure et le contenu des différents documents scientifiques;;
;;;;Capacité;Savoir situer un résultat dans un état de l'art;;
;;;;Capacité;Réaliser une étude bibliographique sur un sujet de recherche récent;;
;;;;Connaissance;Connaitre des différents types de documents scientifiques, savoir comment ils sont élaborés et être capable d'évaluer leur fiabilité;;
;;;;Connaissance;Connaitre la structure des différents documents scientifiques;;
;;;;Connaissance;Savoir où et comment chercher un document pertinent sur un sujet donné;;
;;;;Connaissance;Connaitre des règles de présentation de résultats scientifiques;;
;;;;;"B1 ""Se connaître, se gérer physiquement et mentalement""";2;
;;;;Capacité;Présenter des résultats scientifiques à l'écrit, à l'oral et sous forme de poster;;
;;;;;"A1 ""Résoudre les questions posées par un problème scientifique en étant conscient des limites""";M;
;;;;;"A4 ""Mettre en perspective les connaissances scientifiques avec l'évolution des savoirs et des technologies""";M;
;;;;;"A2 ""Développer une démarche expérimentale""";M;
TC-3-S2-PRA;Pratique et projets;PTIR;OSI;;"A3 ""Mettre en œuvre une démarche scientifique""";3;
;;;;Capacité;S'insérer dans une équipe de recherche;;
;;;;Capacité;Travailler en groupe (avec 4 autres étudiants);;
;;;;Capacité;RÉaliser un travail individuel dans le cadre d'un projet de groupe;;
;;;;Capacité;Présentation synthétique et régulière, à l'oral, de ses travaux;;
;;;;Capacité;Rédaction d'une état de l'art;;
;;;;Capacité;Rédaction d'un rapport de synthèse d'une activité d'initiation recherche;;
;;;;Connaissance;Etat de l'art d'un sujet d'actualité en recherche;;
;;;;Connaissance;Méthodologie pour une étude bibliographique;;
;;;;Connaissance;Méthodologie pour réaliser un travail de recherche (théorique ou expérimental).;;
;;;;;"B3 ""Interagir avec les autres, travailler en équipe""";3;
;;;;;"B2 ""Travailler, apprendre, évoluer de manière autonome""";2;
;;;;;"A1 ""Résoudre les questions posées par un problème scientifique en étant conscient des limites""";1;
;;;;;"A2 ""Développer une démarche expérimentale""";1;
;;;;;"C1 ""Spécifier, concevoir et modéliser des systèmes de transmission et de traitement des signaux/images/données""";1;
;;;;;"C3 ""Spécifier, concevoir et modéliser des algorithmes et des programmes informatiques""";1;
;;;;;"B1 ""Se connaître, se gérer physiquement et mentalement""";1;
;;;;;"B4 ""Faire preuve de créativité, innover, entreprendre""";1;
;;;;;"A4 ""Mettre en perspective les connaissances scientifiques avec l'évolution des savoirs et des technologies""";M;
;;;;;"A5 ""Identifier, formuler et résoudre un problème d'ingénierie complexe""";M;
;;;;;"B5 ""Agir de manière responsable dans un monde complexe""";M;
;;;;;"B6 ""Se situer, travailler, évoluer dans une entreprise, une organisation socio-productive""";M;
TC-3-S2-PRA;Pratique et projets;DRE;OSI;;"B6 ""Se situer, travailler, évoluer dans une entreprise, une organisation socio-productive""";2;
;;;;Connaissance;Les activités de l'enseignant-chercheur;;
;;;;Connaissance;La vie d'une équipe de recherche;;
;;;;Connaissance;Les questions ouvertes sur un sujet scientifique;;
;;;;Capacité;Saisir les grandes lignes d'un exposé scientifique;;
;;;;Capacité;Connaître les acteurs d'un laboratoire;;
;;;;;"A4 ""Mettre en perspective les connaissances scientifiques avec l'évolution des savoirs et des technologies""";1;
;;;;;"B2 ""Travailler, apprendre, évoluer de manière autonome""";1;
TC-3-S2-PRA;Pratique et projets;PALE;SFR;;"C9 ""Conduire des projets dans le domaine du numérique""";2;x
;;;;Capacité;Gérer un projet agile en mode iteratif;;
;;;;Capacité;Gérer un projet en flux de fonctions;;
;;;;Capacité;Estimer les tâches d'un projet;;
;;;;Capacité;Accompagner un client dans un projet;;
;;;;Connaissance;Cycle agile Scrum;;
;;;;Connaissance;Flux agile Kanban;;
;;;;Connaissance;Gestion de projet, développement agile;;
;;;;;"B3 ""Interagir avec les autres, travailler en équipe""";2;
;;;;Capacité;Prendre le lead d'un projet;;
;;;;Capacité;Interagir avec une équipe, un client;;
;;;;Connaissance ;Artistes et specifieurs;;
;;;;Connaissance ;Marshmallow Challenge;;
;;;;;"B6 ""Se situer, travailler, évoluer dans une entreprise, une organisation socio-productive""";M;
TC-4-S1-MAR;Modélisation et Architectures Réseaux;NAS;ISO;;"C6 ""Mettre en œuvre, réaliser, développer, déployer des réseaux et des protocoles""";2;x
;;;;Capacité;Concevoir et déployer une architecture de réseau MPLS, M-BGP et MPLS VPN,;;
;;;;Capacité;Dimensionner la qualité de service avec DiffServ, RSVP,;;
;;;;Capacité;Ingénierie de trafic avec MPLS TE et élaboration d'une politique de QoS;;
;;;;Capacité;Mettre en oeuvre un réseau de VoIP, téléphones SIP, IPBX, Centre d'appels, SVI;;
;;;;Capacité;Définir une politique de sécurité réseau IPSec.;;
;;;;Connaissance;Réseaux privés virtuels, 802.1Q, VLAN, Tunnel GRE,;;
;;;;Connaissance;Politique IPSec, réseau privé virtuel sécurisé, chiffrement des données;;
;;;;Connaissance;MPLS, protocoles LDP, technologie des VRF, routage M-BGP;;
;;;;Connaissance;Protocoles de voix sur IP, SIP, RTP/RTCP,;;
;;;;Connaissance;Qualité de service, modèles DiffServ, RSVP et ingénierie de trafic MPLS TE;;
;;;;Connaissance;Configuration des éléments actifs (switch, routeur) dans ces architectures réseau;;
;;;;;"C2 ""Spécifier, concevoir et modéliser des réseaux de communication et des protocoles""";M;
;;;;;"B3 ""Interagir avec les autres, travailler en équipe""";M;
;;;;;"C5 ""Mettre en oeuvre, réaliser, développer, déployer des systèmes de transmission et de traitement des signaux/images/données""";M;
TC-4-S1-MAR;Modélisation et Architectures Réseaux;PRF;WBE;;"C2 ""Spécifier, concevoir et modéliser des réseaux de communication et des protocoles""";3;x
;;;;Capacité;Savoir modéliser un système de réseau en utilisant des outils analytiques;;
;;;;Capacité;Savoir simuler un système en utilisant un simulateur à événements discrets;;
;;;;Capacité;Savoir évaluer les performances en régime transitoire et stationnaire d'un système en utilisant des outils analytiques ou de simulation. ;;
;;;;Capacité;Savoir dimensionner un réseau en menant une évaluation de performances adéquate;;
;;;;Connaissance;Connaître les outils analytiques de modélisation: Chaîne de Markov à temps discret, Chaîne de Markov à temps continu, Files d'attente, Réseaux de file d'attente.;;
;;;;Connaissance;Connaître les différentes équations caractérisant les régimes transitoires et permanents des modèles analytiques.;;
;;;;Connaissance;Connaître le principe de la génération de nombres aléatoires;;
;;;;Connaissance;Connaître les fondements théoriques de la simulation à évènements discrets et les base du simulateur NS2;;
;;;;;"C1 ""Spécifier, concevoir et modéliser des systèmes de transmission et de traitement des signaux/images/données""";1;
;;;;Capacité;Savoir modéliser et évaluer quelques systèmes simples de trasmission (approches d'accès au canal, des codes correcteurs, retransmissions, etc.) en utilisant des outils analytiques;;
;;;;Connaissance;Connaître les outils analytiques de modélisation: Chaîne de Markov à temps discret, Chaîne de Markov à temps continu, Files d'attente, Réseaux de file d'attente.;;
;;;;;"C8 ""Opérer, analyser, améliorer des systèmes numériques""";1;
;;;;Connaissance;Connaître des outils analytiques et de simulations utiles pour l'évaluations de performances de systèmes numériques déjà déployés ( capacités, limites, fiabilité, goulots d'étranglement, etc.) ;;
;;;;;"A3 ""Mettre en œuvre une démarche scientifique""";1;
;;;;Capacité;Savoir mettre en place une approche scientifique permettant l'analyse des performances d'un système en modélisant correctement le système et les entrées et en calculant et analysant des métriques de performance en sortie;;
;;;;;"A5 ""Identifier, formuler et résoudre un problème d'ingénierie complexe""";1;
;;;;Capacité;Savoir modéliser quelques problèmes d'ingénieirie en utilisant des outils analytiques (Chaine de Markov) ayant un inéteret dans différents domaines de l’ingénierie;;
;;;;Connaissance;Connaître quelques outils analytiques et de simulation utiles pour la forumation de différents problèmes d'ingénierie;;
;;;;;"C3 ""Spécifier, concevoir et modéliser des algorithmes et des programmes informatiques""";M;
;;;;;"B2 ""Travailler, apprendre, évoluer de manière autonome""";M;
;;;;;"B3 ""Interagir avec les autres, travailler en équipe""";M;
TC-4-S1-S&I;Signal et Image;CNA;JMG;;"C1 ""Spécifier, concevoir et modéliser des systèmes de transmission et de traitement des signaux/images/données""";3;
;;;;Capacité;Concevoir un système de transmission numérique (point à point) suivant une démarche cohérente et validée, adapté à un canal de transmission;;
;;;;Capacité;Optimiser des blocs d'un système de transmission en sachant démontrer ses performances, par la théorie;;
;;;;Connaissance;Modèle théorique en bande de base d'un système de transmission;;
;;;;Connaissance;Modèle d'un canal radio en bande de base;;
;;;;Connaissance;Méthodes d'évaluation des performances d'un système de transmission;;
;;;;Connaissance;Techniques de transmission en canal réel : codage canal, égalisation, diversité, étalement de spectre, multi-porteuses, MIMO;;
;;;;Connaissance;Communications numériques, traitement du signal, codage, égalisation, étalement de spectre, multi-porteuses, MIMO;;
;;;;;"C5 ""Mettre en oeuvre, réaliser, développer, déployer des systèmes de transmission et de traitement des signaux/images/données""";2;
;;;;Capacité;Simuler un système de transmission simple sous Simulink (Matlab);;
;;;;Connaissance;Fonctions principales d'une chaine de transmission complète en point à point;;
;;;;Connaissance;Rôle et mise en œuvre des différentes fonctions élémentaire de la chaine de traitement;;
;;;;Connaissance;Simulink, modélisation, performance  ;;
;;;;;"A4 ""Mettre en perspective les connaissances scientifiques avec l'évolution des savoirs et des technologies""";2;
;;;;Capacité;Analyser un standard : identifier les différentes fonctions et leurs rôles;;
;;;;Capacité;Comprendre les nouvelles technologies;;
;;;;Capacité;Anticiper sur les évolutions technologiques à venir pour les systèmes radio;;
;;;;Connaissance;Standards radio (couche PHY) : Wifi, GSM, UMTS, LTE,…;;
;;;;;"B2 ""Travailler, apprendre, évoluer de manière autonome""";M;
;;;;;"B3 ""Interagir avec les autres, travailler en équipe""";M;
;;;;;"A1 ""Résoudre les questions posées par un problème scientifique en étant conscient des limites""";M;
;;;;;"A3 ""Mettre en œuvre une démarche scientifique""";M;
;;;;;"A5 ""Identifier, formuler et résoudre un problème d'ingénierie complexe""";M;
TC-4-S1-S&I;Signal et Image;TIP;ATI;;"C1 ""Spécifier, concevoir et modéliser des systèmes de transmission et de traitement des signaux/images/données""";3;x
;;;;Capacité;Modéliser un signal continu ou discret par un signal approximant;;
;;;;Capacité;Modéliser le système phonatoire et le système auditif pour analyser et synthétiser la parole et l'audio;;
;;;;Capacité;Etant donné une problématique (segmentation ou débruitage ou identification ou autre), concevoir une chaîne de traitement d'images pour résoudre cette problématique;;
;;;;Connaissance;Caractéristiques principales des espaces de représentations des signaux et des images;;
;;;;Connaissance;Approximation optimale des signaux et des images;;
;;;;Connaissance;Compréhension de la transformée en ondelettes et de l'analyse multi-résolution;;
;;;;Connaissance;Traitements de base pour les images;;
;;;;Connaissance;Espace de Hilbert, Transformée de Fourier, Transformée Cosinus, Transformée en ondelettes, ;;
;;;;;"A4 ""Mettre en perspective les connaissances scientifiques avec l'évolution des savoirs et des technologies""";3;
;;;;Capacité;Analyser (comprendre la chaîne de traitement, identifier les différentes briques) les standards de compression de la parole, de l'audio, des images et des vidéos;;
;;;;Capacité;Concevoir une chaîne de compression de la parole, de l'audio, des images et des vidéos;;
;;;;Connaissance;Approximation optimale des signaux et des images;;
;;;;Connaissance;Techniques de quantification et de codage parole, audio, image 2D et vidéo;;
;;;;Connaissance;Standards de compression de parole, audio, image et vidéo;;
;;;;;"C5 ""Mettre en oeuvre, réaliser, développer, déployer des systèmes de transmission et de traitement des signaux/images/données""";2;
;;;;Capacité;Mettre en oeuvre les techniques d'analyse multirésolution des signaux et des images;;
;;;;Capacité;Réaliser une chaîne logicielle de traitement d'image en utilisant des outils tels que MATLAB ou STARLING;;
;;;;Capacité;Etant donné une base de données images ou vidéos, mettre en œuvre les techniques d'analyse de données (méthodes supervisées ou non supervisées) pour classer ou identifier des objets visuels;;
;;;;Connaissance;Méthodologies d'analyse et de synhèse de la parole et de l'audio;;
;;;;Connaissance;Techniques de quantification et de codage parole, audio, image et vidéo;;
;;;;Connaissance;Méthodologies d'analyse de données;;
;;;;;"A1 ""Résoudre les questions posées par un problème scientifique en étant conscient des limites""";M;
;;;;;"B2 ""Travailler, apprendre, évoluer de manière autonome""";M;
;;;;;"B3 ""Interagir avec les autres, travailler en équipe""";M;
;;;;;"A3 ""Mettre en œuvre une démarche scientifique""";M;
;;;;;"A2 ""Développer une démarche expérimentale""";M;
TC-4-S1-S&I;Signal et Image;PSC;CMU;;"C1 ""Spécifier, concevoir et modéliser des systèmes de transmission et de traitement des signaux/images/données""";3;x
;;;;Capacité;Utiliser un environnement de développement nouveau, type matlab, labview, gnu radio.;;
;;;;Capacité;Dans le but de concevoir un émetteur/récepteur respectant un ensemble de critères techniques précisé par le cahier des charges ou une norme à respecter, savoir établir un découpage fonctionnel du projet. ;;
;;;;Capacité;"Approfondir un point technique particulier pour être capable de concevoir et développer un programme réalisant la fonction concernée (simulation et/ou implémentation physique sur PC ou système embarqué). Ceci peut impliquer de modéliser un phénomène physique; identifier les entrées/sorties pertinentes et les relations entre elles; développer un algorithme; mettre au point une procédure de test de la fonction.";;
;;;;Connaissance;radio logicielle, multipaths, OFDM;;
;;;;;"A2 ""Développer une démarche expérimentale""";3;
;;;;Capacité;Concevoir un banc de test permettant de mettre en évidence expérimentalement un aspect connu de façon théorique;;
;;;;Capacité;"Concevoir une procédure de test et d'évaluation du système complet en fonction de critères pertinents. Par exemple, évaluer : le taux d'erreur binaire, le débit atteint, le nombre d'utilisateurs, etc;  en fonction de : la longueur d'une ligne ADSL, la charge d'une zone donnée desservie par un AP wifi, la norme de référence utilisée, etc etc";;
;;;;;"B3 ""Interagir avec les autres, travailler en équipe""";3;
;;;;Capacité;Utiliser les outils de conduite de projet (travail en équipe, planning, etc);;
;;;;Connaissance;timeline, communicaton, organisation, suivi;;
;;;;;"C9 ""Conduire des projets dans le domaine du numérique""";2;
;;;;Capacité;Utiliser les outils de conduite de projet (travail en équipe, planning, etc);;
;;;;;"B2 ""Travailler, apprendre, évoluer de manière autonome""";M;
;;;;Capacité;"Approfondir un point technique particulier pour être capable de concevoir et développer un programme réalisant la fonction concernée (simulation et/ou implémentation physique sur PC ou système embarqué). Ceci peut impliquer de modéliser un phénomène physique; identifier les entrées/sorties pertinentes et les relations entre elles; développer un algorithme; mettre au point une procédure de test de la fonction.";;
TC-4-S1-RSD;Réseaux et Systèmes distribués;NRP;ISO;;"C6 ""Mettre en œuvre, réaliser, développer, déployer des réseaux et des protocoles""";1;x
;;;;Capacité;Configurer des éléments actifs (switch, routeur) d'un réseau dans des architectures élémentaires LOAN et WAN;;
;;;;Capacité;Implémenter le routage des réseaux à l'échelle de l'Internet;;
;;;;Capacité;Mettre en oeuvre une diffusion Multicast Vidéo;;
;;;;Capacité;Implémenter le routage des Réseaux IPv6, RIPng, OSPFv4 et BGP;;
;;;;Connaissance;Principes du routage IP et algorithmes associés Bellman Ford, Dijkstra;;
;;;;Connaissance;Protocoles de routage intérieur RIP, OSPF et extérieur à l'Internet, BGP;;
;;;;Connaissance;Protocole IP Multicast PIM Dense et Sparse;;
;;;;Connaissance;Routage IPV6 et Tunnel IPV4 IPV6;;
;;;;;"C2 ""Spécifier, concevoir et modéliser des réseaux de communication et des protocoles""";M;
;;;;;"C5 ""Mettre en oeuvre, réaliser, développer, déployer des systèmes de transmission et de traitement des signaux/images/données""";M;
;;;;;"B3 ""Interagir avec les autres, travailler en équipe""";M;
TC-4-S1-RSD;Réseaux et Systèmes distribués;ASY;DRE;;"C3 ""Spécifier, concevoir et modéliser des algorithmes et des programmes informatiques""";3;
;;;;Capacité;Savoir comparer différentes architectures distribuées;;
;;;;Connaissance;Base de Docker;;
;;;;Connaissance;Base de Spring;;
;;;;Connaissance;Vocabulaire lié à l'architecture des systèmes informatiques;;
;;;;Connaissance;Problématiques liés aux grands systèmes;;
;;;;Connaissance;Sun RPC, RMI, DCOM;;
;;;;;"C8 ""Opérer, analyser, améliorer des systèmes numériques""";2;
;;;;;"A5 ""Identifier, formuler et résoudre un problème d'ingénierie complexe""";M;
TC-4-S1-GESPER;Gestion de projet entrepreneurial responsable;GES1/2;VMU;;"B5 ""Agir de manière responsable dans un monde complexe""";3;
;;;;Capacité;Conduire une démarche de Design thinking pour trouver une idée de produit/service le plus possible innovant, technique & responsable (GES1);;
;;;;Capacité;Réaliser une étude de faisabilité et le business model canevas de l'organisation lié à ce produit/service (GES2);;
;;;;Connaissance;Innovation, Responsabilité sociétale des organisations (GES 1 et 2);;
;;;;Connaissance;Design thinking (GES1);;
;;;;Connaissance;Marché, utilisateurs, gouvernance, business model canvas, modèles économique et financier, communication des organisations (GES2);;
;;;;;"B4 ""Faire preuve de créativité, innover, entreprendre""";2;
;;;;;"B2 ""Travailler, apprendre, évoluer de manière autonome""";M;
;;;;;"B3 ""Interagir avec les autres, travailler en équipe""";M;
TC-4-S1-HUMA;Humanités 3;RSM;SFR;;"B6 ""Se situer, travailler, évoluer dans une entreprise, une organisation socio-productive""";1;
;;;;Capacité;Rédiger son CV;;
;;;;Capacité;Utiliser différents outils et techniques pour rechercher un stage ou un emploi en lien avec son projet professionnel;;
;;;;Connaissance;Connaissance du secteur et des métiers des Technologies de l'Information;;
;;;;;"B1 ""Se connaître, se gérer physiquement et mentalement""";M2;
TC-4-S2-DEV;Développement et sécurité;CSC;FLE;;"C7 ""Mettre en œuvre, réaliser, développer, déployer des programmes informatiques""";2;
;;;;Capacité;Déployer une architecture de communication sécurisée;;
;;;;Connaissance;Principe d'utilisation des cryptographies symétrique et asymétrique;;
;;;;Connaissance;Architectures de gestion de clé (CA, DANE/TLSA, PGP);;
;;;;Connaissance;Protocoles cryptographiques (TLS, Kerberos, etc.);;
;;;;Connaissance;RSA, AES, PKI, TLS;;
;;;;;"C8 ""Opérer, analyser, améliorer des systèmes numériques""";2;
;;;;Capacité;Analyser les lacunes de sécurité d'une communication;;
;;;;Connaissance;Exemples de fondations mathématiques;;
;;;;Connaissance;Coûts de chiffrement/déchiffrement/attaque;;
;;;;Connaissance;Cryptographie, Cryptanalyse;;
;;;;;"B2 ""Travailler, apprendre, évoluer de manière autonome""";M;
;;;;;"B5 ""Agir de manière responsable dans un monde complexe""";1;
;;;;Capacité;Enjeux éthiques de la cryptographie;;
;;;;Connaissance;Principe d'utilisation des cryptographies symétrique et asymétrique;;
;;;;Connaissance;Architectures de gestion de clé (CA, DANE/TLSA, PGP);;
;;;;Connaissance;Coûts de chiffrement/déchiffrement/attaque;;
;;;;Connaissance;Éthique, cryptographie, vie privée;;
TC-4-S2-DEV;Développement et sécurité;SYD;SFR;;"C2 ""Spécifier, concevoir et modéliser des réseaux de communication et des protocoles""";3;x
;;;;Capacité;Concevoir un système distribué sans mémoire centrale de type RPC;;
;;;;Capacité;Implanter une chaîne de transaction prouvée à concensus dynamique type Bitcoin;;
;;;;Capacité;Implémenter un réseau P2P de gestion de tables de hash type Chord;;
;;;;Capacité;Analyser les biais de sécurité d’un système distribué;;
;;;;Connaissance;Principes définissant les systèmes distribués concernant la mémoire globale et le temps;;
;;;;Connaissance;Vocabulaire associé aux grands algorithmes distribués et à la tolérance de panne;;
;;;;Connaissance;Algorithmes et résultats de référence en distribué : FLP, Paxos, Bitcoin, 2PC;;
;;;;Connaissance;Mécanisme de synchronisation temporel associé aux horloges de Lamport et vectorielles;;
;;;;Connaissance;Protocoles distribués, Transactions, Consensus, Délais;;
;;;;;"A3 ""Mettre en œuvre une démarche scientifique""";1;
;;;;Capacité;Conception de mécanismes d'invocations de procédures distantes;;
;;;;Connaissance;Thrift;;
;;;;Connaissance;Réseau P2P : chord, bittorrent;;
;;;;Connaissance;Raft, Bitcoin;;
;;;;;"C3 ""Spécifier, concevoir et modéliser des algorithmes et des programmes informatiques""";M;
;;;;;"C7 ""Mettre en œuvre, réaliser, développer, déployer des programmes informatiques""";M;
;;;;;"C6 ""Mettre en œuvre, réaliser, développer, déployer des réseaux et des protocoles""";M;
TC-4-S2-DEV;Développement et sécurité;MGL;SFR;;"C9 ""Conduire des projets dans le domaine du numérique""";3;x
;;;;Capacité;Savoir présenter et communiquer sur un système informatique complexe avec les outils du génie logiciel;;
;;;;Capacité;Comprendre les enjeux liés à la vérification de programmes informatiques. Principalement liés à l'opposition entre un code prouvé formellement et un code testé;;
;;;;Capacité;Comprendre les grandes lignes de la gestion de projet informatique. ;;
;;;;Capacité;Comprendre les cycles de vie du produit logiciel;;
;;;;Connaissance;Représentation et utilisation des Schemas UML pour représenter une architecture IT;;
;;;;Connaissance;Approches formelles. Langage B;;
;;;;Connaissance;Utilisation des Designs patterns logiciels pour décrire un programme;;
;;;;Connaissance;Développement Agile et méthode SCRUM;;
;;;;Connaissance;Objets Calistenics;;
;;;;;"C7 ""Mettre en œuvre, réaliser, développer, déployer des programmes informatiques""";2;
;;;;Capacité;Développement par les tests;;
;;;;Capacité;Abstraction formelle d'un système;;
;;;;Connaissance;Programmation Junit, TDD;;
;;;;Connaissance;Langage B;;
;;;;;"C3 ""Spécifier, concevoir et modéliser des algorithmes et des programmes informatiques""";M;
TC-4-S2-RA;Réseau Avancé;ARM;RST;;"C8 ""Opérer, analyser, améliorer des systèmes numériques""";3;x
;;;;Capacité;Analyser des traces d'utilisation des réseaux mobiles;;
;;;;Connaissance;Gestion de mobilité;;
;;;;Connaissance;Canaux de transport;;
;;;;Connaissance;Canaux logiques;;
;;;;Connaissance;Gestion des ressources;;
;;;;Connaissance;Mapping des canaux, zone de localisation, paging, handover, etablissement, protocole RRC;;
;;;;;"C2 ""Spécifier, concevoir et modéliser des réseaux de communication et des protocoles""";2;
;;;;Capacité;Proposer des solutions d'évolution des architectures de réseaux mobile;;
;;;;Connaissance;Réseau d'accès / réseau cœur ;;
;;;;Connaissance;Sécurité des réseaux mobiles;;
;;;;Connaissance;Protocoles du plan données et du plan contrôle;;
;;;;Connaissance;Plan controle, plan donnees, reseau d'acces, reseau coeur;;
;;;;;"C6 ""Mettre en œuvre, réaliser, développer, déployer des réseaux et des protocoles""";2;
;;;;Capacité;Décrire les concepts de bases d'un réseau cellulaire;;
;;;;Capacité;Décrire l'émission/réception de messages (données ou voix);;
;;;;Connaissance;Éléments d'architecture des réseaux 2G, 3G ou 4G;;
;;;;Connaissance;Réseaux cellulaire, etablissement d'appel, etablissement d'une session IP, access stratum, non-access stratum;;
;;;;;"A1 ""Résoudre les questions posées par un problème scientifique en étant conscient des limites""";M;
;;;;;"A4 ""Mettre en perspective les connaissances scientifiques avec l'évolution des savoirs et des technologies""";M;
;;;;;"B4 ""Faire preuve de créativité, innover, entreprendre""";M;
;;;;;"B5 ""Agir de manière responsable dans un monde complexe""";M;
TC-4-S2-RA;Réseau Avancé;BLF;SPE;;"C6 ""Mettre en œuvre, réaliser, développer, déployer des réseaux et des protocoles""";2;
;;;;Capacité;Dimensionner un réseau téléphonique d'entreprise à partir d'un cahier des charges ;;
;;;;Capacité;Configurer des équipements du réseau d'accès ADSL : routeur domestique, DSLAM, BAS;;
;;;;Connaissance;Boucle locale : réseau de distribution, unité de raccordement d'abonné;;
;;;;Connaissance;Fonction commutation, hiérarchie de commutateurs;;
;;;;Connaissance;Signalisation SS7 : architecture, Protocoles, établissement d'appel;;
;;;;Connaissance;Fonction transmission, multiplexage SDH;;
;;;;Connaissance;Téléphonie d'entreprise : PABX, charge de trafic, dimensionnement;;
;;;;Connaissance;Générations de technologies xDSL;;
;;;;Connaissance;ADSL : architecture accès/collecte, couches de protocoles mises en jeu : PPP, ATM, Ethernet. ;;
;;;;Connaissance;riple play, Notion de QoS;;
;;;;Connaissance;RTC, boucle locale, PABX, ADSL, DSLAM ;;
;;;;;"A4 ""Mettre en perspective les connaissances scientifiques avec l'évolution des savoirs et des technologies""";2;
;;;;Connaissance;Perspective historique sur l'évolution du RTC et des technologies d'accès/collecte ADSL;;
;;;;Connaissance;Générations de technologies xDSL;;
;;;;Connaissance;Rentabiliser, convergence;;
TC-4-S2-RA;Réseau Avancé;RAN;JMG;;"C1 ""Spécifier, concevoir et modéliser des systèmes de transmission et de traitement des signaux/images/données""";3;
;;;;Capacité;Comprendre les caractéristiques des protocoles de couches 1& 2 des systèmes radio cellulaires ou wlan;;
;;;;Connaissance;Connaître les techniques de l'accès radio cellulaire et de partage des ressources;;
;;;;Connaissance;Techniques de multiplexage (TDMA, FDMA, CDMA, OFDMA);;
;;;;Connaissance;Modèle hexagonal pour les réseaux cellulaires;;
;;;;Connaissance;Calcul d'interférences;;
;;;;Connaissance;Réseaux cellulaire, partage des ressources radio, multiplexage (FDMA, TDMA, CDMA, OFDMA);;
;;;;;"C5 ""Mettre en oeuvre, réaliser, développer, déployer des systèmes de transmission et de traitement des signaux/images/données""";3;
;;;;Capacité;Appréhender les problématiques de l'ingénierie radio : dimensionnement, planification, gestion des interférences;;
;;;;Capacité;Etudier une trace réelle sur analyseur de signaux vectoriel et analyser les signaux présents;;
;;;;Connaissance;Caractéristiques principales des couches 1&2 des systèmes cellulaires;;
;;;;Connaissance;Caractéristiques principale des couches 1&2 du Wifi;;
;;;;Connaissance;Dimensionnement, planification cellulaire, gestion des interférences;;
;;;;;"C8 ""Opérer, analyser, améliorer des systèmes numériques""";2;
;;;;Capacité;Calculer la charge d'un réseau cellulaire et l'optimiser;;
;;;;Capacité;Savoir utiliser des informations diverses pour évaluer les performances d'un réseau cellulaire (trafic, QoS, qualité des liens radio);;
;;;;Connaissance;Techniques de calcul de charge d'un réseau cellulaire;;
;;;;Connaissance;Techniques d'optimisation d'un réseau cellulaire;;
;;;;Connaissance;Futures évolutions (vers la 5G);;
;;;;Connaissance;Performances des réseaux cellulaires;;
;;;;;"A2 ""Développer une démarche expérimentale""";M;
;;;;;"B3 ""Interagir avec les autres, travailler en équipe""";M;
;;;;;"A5 ""Identifier, formuler et résoudre un problème d'ingénierie complexe""";M;
;;;;;"B2 ""Travailler, apprendre, évoluer de manière autonome""";M;
TC-4-S2-PAO;Projet appel d'offre;PAO;OGA;;"C2 ""Spécifier, concevoir et modéliser des réseaux de communication et des protocoles""";3;x
;;;;Connaissance;Les phases d'un appel d'offres;;
;;;;Connaissance;Architecture et services dans un réseau de communication ;;
;;;;Capacité;Analyser un existant, les besoins et les contraintes;;
;;;;Capacité;Concevoir une architecture de réseau LAN/MAN/WAN;;
;;;;Capacité;Sélectionner et caractériser les matériels et logiciels appropriés (LAN/MAN, sécurité, administration de réseau, TOIP, WIFI);;
;;;;Capacité;Organiser et planifier un déploiement avec les contraintes de migration et le support à l'exploitation de la solution;;
;;;;Capacité;Mettre en œuvre une démarche de réponse à un appel d'offres;;
;;;;Capacité;Elaborer une offre technique, organisationnelle et financière;;
;;;;Capacité;Effectuer une soutenance de défense d'offre, argumenter face au client;;
;;;;Capacité;Travailler en équipe d'experts;;
;;;;;"C6 ""Mettre en œuvre, réaliser, développer, déployer des réseaux et des protocoles""";M;
;;;;;"C4 ""Spécifier et dimensionner des systèmes numériques en réponse au besoin clients""";M;
;;;;;"C9 ""Conduire des projets dans le domaine du numérique""";M;
;;;;;"A4 ""Mettre en perspective les connaissances scientifiques avec l'évolution des savoirs et des technologies""";M;
;;;;;"B3 ""Interagir avec les autres, travailler en équipe""";M;
;;;;;"A5 ""Identifier, formuler et résoudre un problème d'ingénierie complexe""";M;
;;;;;"B2 ""Travailler, apprendre, évoluer de manière autonome""";M;
;;;;;"B4 ""Faire preuve de créativité, innover, entreprendre""";M;
;;;;;"B5 ""Agir de manière responsable dans un monde complexe""";M;
;;;;;"B7 ""Travailler dans un contexte international et interculturel""";M;
TC-4-S2-PAO;Projet appel d'offre;TC-4-S-ENT;ISO;;"B6 ""Se situer, travailler, évoluer dans une entreprise, une organisation socio-productive""";2;x
;;;;Capacité;Estimer leur charge de travail,;;
;;;;Capacité;Travailler en équipe, collaborer;;
;;;;Capacité;Rédiger un rapport de projet, une note de synthèse;;
;;;;Connaissance;Notions de savoir être, code en entreprise;;
;;;;Connaissance;Notions de relations manager, équipe, collaborateur;;
;;;;Connaissance;Management de projet, méthodologie Agile;;
;;;;;"B3 ""Interagir avec les autres, travailler en équipe""";M;
;;;;;"B4 ""Faire preuve de créativité, innover, entreprendre""";M;
;;;;;"B5 ""Agir de manière responsable dans un monde complexe""";M;
;;;;;"B1 ""Se connaître, se gérer physiquement et mentalement""";M;
;;;;;"B2 ""Travailler, apprendre, évoluer de manière autonome""";M;
TC-5-OPT;Options de 5TC;VSR;ISO;;"C6 ""Mettre en œuvre, réaliser, développer, déployer des réseaux et des protocoles""";3;x
;;;;Connaissance;Techniques de virtualisation, hyperviseur, machine virtuelle, docker, vSwitch.;;
;;;;Connaissance;Haute disponibilité et Déduplication et techniques de virtualisation des systèmes de fichiers, RAID, LVM, ZFS, ZPOOL,;;
;;;;Connaissance;Architectures de virtualisation des serveurs, des postes de travail et des réseaux;;
;;;;Connaissance;Virtualisation des ressources matérielles, des réseaux et des applications.;;
;;;;Capacité;Conduire un projet de virtualisation d'un système d'information;;
;;;;Capacité;Choix d'architecture technique de virtualisation et de cloud;;
;;;;Capacité;Concevoir et déployer une architecture de virtualisation;;
;;;;;"C2 ""Spécifier, concevoir et modéliser des réseaux de communication et des protocoles""";M;
;;;;;"C7 ""Mettre en œuvre, réaliser, développer, déployer des programmes informatiques""";M;
;;;;;"B2 ""Travailler, apprendre, évoluer de manière autonome""";M;
;;;;;"B3 ""Interagir avec les autres, travailler en équipe""";M;
;;;;;"A5 ""Identifier, formuler et résoudre un problème d'ingénierie complexe""";M;
;;;;;"C5 ""Mettre en oeuvre, réaliser, développer, déployer des systèmes de transmission et de traitement des signaux/images/données""";M;
;;;;;"C9 ""Conduire des projets dans le domaine du numérique""";M;
TC-5-OPT;Options de 5TC;5G;JMG;;"C1 ""Spécifier, concevoir et modéliser des systèmes de transmission et de traitement des signaux/images/données""";3;
;;;;Connaissance;Défis de la 5G;;
;;;;Connaissance;Processus de standardisation;;
;;;;Connaissance;Technologies émergeantes : massive MIMO, mmWaves, cloud RAN, I.A. dans les réseaux;;
;;;;Capacité;Comprendre les mécanismes de standardisation;;
;;;;Capacité;Comprendre les enjeux des futurs standards;;
;;;;Capacité;Rédiger une note de lecture sur une nouvelle technologie;;
;;;;Capacité;Appréhender l'évolution technologique;;
;;;;;"C5 ""Mettre en oeuvre, réaliser, développer, déployer des systèmes de transmission et de traitement des signaux/images/données""";3;
;;;;;"C2 ""Spécifier, concevoir et modéliser des réseaux de communication et des protocoles""";2;
;;;;;"C6 ""Mettre en œuvre, réaliser, développer, déployer des réseaux et des protocoles""";2;
;;;;;"A4 ""Mettre en perspective les connaissances scientifiques avec l'évolution des savoirs et des technologies""";M;
;;;;;"B2 ""Travailler, apprendre, évoluer de manière autonome""";M;
TC-5-OPT;Options de 5TC;SAT;CGO;;"C1 ""Spécifier, concevoir et modéliser des systèmes de transmission et de traitement des signaux/images/données""";3;x
;;;;Capacité;Caractériser les techniques de transmission spécifiques aux liaisons satellites;;
;;;;Capacité;Caractéristiques des liens radio;;
;;;;Capacité;Modulation;;
;;;;Connaissance;Connaitre le secteur d'activité lié aux communications par satellites;;
;;;;Connaissance;Localisation;;
;;;;Connaissance;Radionavigation;;
;;;;Connaissance;Collecte de donnée;;
;;;;Connaissance;Acteurs du marché;;
;;;;Connaissance;Notion d'orbite;;
;;;;;"C2 ""Spécifier, concevoir et modéliser des réseaux de communication et des protocoles""";3;
;;;;Capacité;Protocoles MAC;;
;;;;Capacité;Etude de cas réels;;
;;;;;"A1 ""Résoudre les questions posées par un problème scientifique en étant conscient des limites""";M;
;;;;;"A5 ""Identifier, formuler et résoudre un problème d'ingénierie complexe""";M;
TC-5-OPT;Options de 5TC;CVDI;OGA;;"C2 ""Spécifier, concevoir et modéliser des réseaux de communication et des protocoles""";3;x
;;;;Capacité;Concevoir une infrastructure de réseaux multiservices (Voix, Vidéo, Image) ;;
;;;;Connaissance;Problématiques spécifiques au transport des données multimédia sur les Réseaux IP;;
;;;;Connaissance;Etude de la qualité de service sur les réseaux ATM, Frame Relay, Ethernet;;
;;;;Connaissance;Etude de différents modèles de qualité de service IP (Diffserv, Intserv,MPLS);;
;;;;Connaissance;Etude détaillée du Protocole SIP;;
;;;;Connaissance;Etude de l'architecture IMS;;
;;;;Connaissance;Etude du service VoiceXML;;
;;;;;"C6 ""Mettre en œuvre, réaliser, développer, déployer des réseaux et des protocoles""";3;
;;;;Capacité;Mettre en œuvre une infrastructure de réseaux multiservices;;
;;;;Connaissance;Etude de cas pour migration de téléphonie classique vers téléphonie sur IP;;
;;;;Connaissance;Travaux pratiques sur la mise  en œuvre d'un IPBX ASTERISK.;;
;;;;Connaissance;Travaux pratiques sur la qualité de service sur IP;;
;;;;;"C4 ""Spécifier et dimensionner des systèmes numériques en réponse au besoin clients""";M2;
;;;;;"A4 ""Mettre en perspective les connaissances scientifiques avec l'évolution des savoirs et des technologies""";M2;
;;;;;"C9 ""Conduire des projets dans le domaine du numérique""";M2;
;;;;;"A5 ""Identifier, formuler et résoudre un problème d'ingénierie complexe""";M1;
;;;;;"B4 ""Faire preuve de créativité, innover, entreprendre""";M1;
TC-5-OPT;Options de 5TC;OP1-PRJ;ISO;;"C6 ""Mettre en œuvre, réaliser, développer, déployer des réseaux et des protocoles""";3;x
;;;;Capacité;Concevoir une architecture Voix sur IP et les services de communication unifiée;;
;;;;Capacité;Concevoir des VPNs dans une architecture de réseau MPLS;;
;;;;Capacité;Mettre en œuvre des stratégies de routage à l'aide du protocole BGP;;
;;;;Capacité;Mettre en oeuvre le monitoring et la supervision SNMP de systèmes et équipements;;
;;;;Connaissance;Protocole SIP et services associés : Téléphonie, Serveur vocal interactif, redirection d'appel, messagerie vocale et interconnexion multi-sites;;
;;;;Connaissance;Protocole SNMP, agent, MIB, manager, NMS (Nagios).;;
;;;;Connaissance;Technologie VRF, protocoles de labellisation.;;
;;;;;"C2 ""Spécifier, concevoir et modéliser des réseaux de communication et des protocoles""";M;
;;;;;"B3 ""Interagir avec les autres, travailler en équipe""";M;
;;;;;"B2 ""Travailler, apprendre, évoluer de manière autonome""";M;
;;;;;"B4 ""Faire preuve de créativité, innover, entreprendre""";M;
;;;;;"A5 ""Identifier, formuler et résoudre un problème d'ingénierie complexe""";M;
TC-5-OPT;Options de 5TC;SCP;HRI;;"A1 ""Résoudre les questions posées par un problème scientifique en étant conscient des limites""";2;
;;;;Connaissance;Problématiques des villes intelligentes et de l'Internet des objets;;
;;;;Connaissance;Déploiements d'architectures de réseaux, notamment de capteurs, dans l'espace urbain;;
;;;;Connaissance;Différentes familles de topologies et protocoles réseaux utilisés;;
;;;;Connaissance;Tour d'horizon des acteurs et cas d'usage majeurs sur le marché ou à venir;;
;;;;Capacité;Savoir manipuler la plateforme IoT-lab;;
;;;;Capacité;Programmer des capteurs communicants;;
;;;;Capacité;Collecter des données de capteurs et d'usage du réseau;;
;;;;Capacité;Analyser les caractéristiques d'un réseau radio;;
;;;;;"C2 ""Spécifier, concevoir et modéliser des réseaux de communication et des protocoles""";2;
;;;;;"A4 ""Mettre en perspective les connaissances scientifiques avec l'évolution des savoirs et des technologies""";M;
;;;;;"C6 ""Mettre en œuvre, réaliser, développer, déployer des réseaux et des protocoles""";M;
;;;;;"B3 ""Interagir avec les autres, travailler en équipe""";M;
TC-5-OPT;Options de 5TC;RLD;HRI;;;;
;;CIT;FLM;;"A4 ""Mettre en perspective les connaissances scientifiques avec l'évolution des savoirs et des technologies""";3;
;;;;;"A5 ""Identifier, formuler et résoudre un problème d'ingénierie complexe""";3;
;;;;;"C7 ""Mettre en œuvre, réaliser, développer, déployer des programmes informatiques""";3;
;;;;;"B3 ""Interagir avec les autres, travailler en équipe""";3;
;;;;;"C6 ""Mettre en œuvre, réaliser, développer, déployer des réseaux et des protocoles""";2;
;;;;;"C9 ""Conduire des projets dans le domaine du numérique""";2;
;;;;;"C3 ""Spécifier, concevoir et modéliser des algorithmes et des programmes informatiques""";M;
;;;;;"B2 ""Travailler, apprendre, évoluer de manière autonome""";M;
;;;;;"A2 ""Développer une démarche expérimentale""";M;
;;;;;"A1 ""Résoudre les questions posées par un problème scientifique en étant conscient des limites""";M;
;;;;Capacité;Reprendre un projet complexe existant;;
;;;;Capacité;Analyser des contraintes opérationnelles de fonctionnement d'une plateforme matérielle contrainte en ressource;;
;;;;Capacité;Mettre en place des stratégies et configurations de consensus distribués pour de la tolérance aux pannes;;
;;;;Capacité;Mettre en place des services à haute disponiblité;;
;;;;Capacité;Mettre en place en gestion d'équipe agile à la fois à gros grain avec une grande équipe, et à la fois à grain fin en binôme;;
;;;;Connaissance;Boards, processeurs ARM (Raspberry PI);;
;;;;Connaissance;Brokers d'événements (MQTT);;
;;;;Connaissance;Frameworks de développement d'application à haute disponiblité (Vert.x, Akka);;
;;;;Connaissance;Plateformes de déploiement, monitoring et d'orchestration (Docker, Kubernetes);;
;;;;Connaissance;Base de données distribuées (MongoDB);;
;;;;Connaissance;Frameworks de calcul distribué (Spark, etc);;
;;;;Connaissance;Frameworks de Machine Learning (TensorFlow, etc);;
TC-5-OPT;Options de 5TC;RLO;LCA;;"C1 ""Spécifier, concevoir et modéliser des systèmes de transmission et de traitement des signaux/images/données""";3;
;;;;Connaissance;Fonctionnement approfondi des chaines radio pour les systèmes de communication sans fil.;;
;;;;Connaissance;Techniques de traitement de signal pour la mise en forme d'un signal radio réel (filtrage, synchronisation, demodulation, etc...).;;
;;;;Connaissance;GNU Radio et les systèmes de traitement de signal orienté à data-flow.;;
;;;;Connaissance;Techniques d'implementation de radio logicielle.;;
;;;;Capacité;Concevoir et Implementer un système de reception radio.;;
;;;;Capacité;Analyser un standard: identifier les caractéristiques relevantes pour la radio e leurs impacts sur la performance.;;
;;;;Capacité;Savoir reconnaitre les limitations des techniques employés dans l'implementation d'une chaine radio.;;
;;;;;"C5 ""Mettre en oeuvre, réaliser, développer, déployer des systèmes de transmission et de traitement des signaux/images/données""";3;
;;;;;"A5 ""Identifier, formuler et résoudre un problème d'ingénierie complexe""";2;
;;;;;"C3 ""Spécifier, concevoir et modéliser des algorithmes et des programmes informatiques""";2;
;;;;;"A1 ""Résoudre les questions posées par un problème scientifique en étant conscient des limites""";M;
;;;;;"A2 ""Développer une démarche expérimentale""";M;
;;;;;"A3 ""Mettre en œuvre une démarche scientifique""";M;
;;;;;"B3 ""Interagir avec les autres, travailler en équipe""";M;
;;;;;"B4 ""Faire preuve de créativité, innover, entreprendre""";M;
TC-5-OPT;Options de 5TC;OP2-PRJ;HRI;;"C2 ""Spécifier, concevoir et modéliser des réseaux de communication et des protocoles""";2;
;;;;;"C9 ""Conduire des projets dans le domaine du numérique""";2;
;;;;;"B3 ""Interagir avec les autres, travailler en équipe""";2;
;;;;;"A4 ""Mettre en perspective les connaissances scientifiques avec l'évolution des savoirs et des technologies""";M;
;;;;;"C4 ""Spécifier et dimensionner des systèmes numériques en réponse au besoin clients""";M;
;;;;;"C6 ""Mettre en œuvre, réaliser, développer, déployer des réseaux et des protocoles""";M;
;;;;;"B4 ""Faire preuve de créativité, innover, entreprendre""";M;
TC-5-OPT;Options de 5TC;BED;TRI;;"A5 ""Identifier, formuler et résoudre un problème d'ingénierie complexe""";2;
;;;;Capacité;Programmer un micro-contrôleur:;;
;;;;Capacité;Configurer un chip radio;;
;;;;Connaissance;Configuration réseau;;
;;;;Connaissance;Protocole de communication numérique sans fil;;
;;;;Connaissance;Maîtriser les outils de programmation embarqué: JTAG, UART, ethernet;;
;;;;Connaissance;Programmation C embarqués;;
;;;;Connaissance;Gestionnaire d'interruption, pilotes de périphériques, OS léger;;
;;;;Connaissance;Administration linux;;
;;;;;"A3 ""Mettre en œuvre une démarche scientifique""";2;
;;;;Capacité;Programmer un micro-contrôleur:;;
;;;;Capacité;Construire une distribution linux pour un système embarqué;;
;;;;Connaissance;Programmation C embarqués;;
;;;;Connaissance;Gestionnaire d'interruption, pilotes de périphériques, OS léger;;
;;;;;"C3 ""Spécifier, concevoir et modéliser des algorithmes et des programmes informatiques""";1;
;;;;Connaissance;Configuration réseau;;
;;;;Connaissance;Protocole de communication numérique sans fil;;
;;;;Connaissance;Maîtriser les outils de programmation embarqué: JTAG, UART, ethernet;;
;;;;Connaissance;Programmation C embarqués;;
;;;;Connaissance;Gestionnaire d'interruption, pilotes de périphériques, OS léger;;
;;;;Connaissance;Administration linux;;
;;;;Capacité;Construire une chaîne de compilation croisée;;
;;;;;"C7 ""Mettre en œuvre, réaliser, développer, déployer des programmes informatiques""";2;
;;;;Capacité;Programmer un micro-contrôleur;;
;;;;Capacité;Configurer un chip radio;;
;;;;Capacité;Construire une chaîne de compilation croisée;;
;;;;Connaissance;Maîtriser les outils de programmation embarqué: JTAG, UART, ethernet;;
;;;;Connaissance;Programmation C embarqués;;
;;;;;"C1 ""Spécifier, concevoir et modéliser des systèmes de transmission et de traitement des signaux/images/données""";1;
;;;;Capacité;Configurer un chip radio;;
;;;;;"B2 ""Travailler, apprendre, évoluer de manière autonome""";M;
;;;;;"B3 ""Interagir avec les autres, travailler en équipe""";M;
;;;;;"A2 ""Développer une démarche expérimentale""";M;
;;;;;"A4 ""Mettre en perspective les connaissances scientifiques avec l'évolution des savoirs et des technologies""";M;
;;;;;"C5 ""Mettre en oeuvre, réaliser, développer, déployer des systèmes de transmission et de traitement des signaux/images/données""";M;
TC-5-OPT;Options de 5TC;OSA;TRI;;"A1 ""Résoudre les questions posées par un problème scientifique en étant conscient des limites""";2;
;;;;Capacité;Programmer un mécanisme d'appel système;;
;;;;Connaissance;Compilation séparé, édition de lien;;
;;;;Connaissance;Mode d'exécutions et privilèges CPU;;
;;;;Connaissance;Appels système;;
;;;;Connaissance;Isolation noyau/application;;
;;;;Connaissance;Changement de contexte;;
;;;;;"A5 ""Identifier, formuler et résoudre un problème d'ingénierie complexe""";2;
;;;;Capacité;Programmer un mécanisme d'appel système;;
;;;;Connaissance;Mode d'exécutions et privilèges CPU;;
;;;;Connaissance;Appels système;;
;;;;Connaissance;Isolation noyau/application;;
;;;;;"C7 ""Mettre en œuvre, réaliser, développer, déployer des programmes informatiques""";2;
;;;;Capacité;Cross-compiler, émuler, et deboguer un logiciel pour une plateforme embarquée contenant un processeur ARM (Raspberry Pi);;
;;;;Capacité;Programmer en assembleur ARM;;
;;;;Capacité;Programmer un mécanisme d'appel système;;
;;;;Connaissance;Compilation séparé, édition de lien;;
;;;;Connaissance;Mode d'exécutions et privilèges CPU;;
;;;;Connaissance;Appels système;;
;;;;Connaissance;Isolation noyau/application;;
;;;;Connaissance;Structures de données d'un ordonnanceur : liste de processus, process control block;;
;;;;Connaissance;Gestionnaire d'interruptions;;
;;;;Connaissance;Pour les plus rapides : gestion mémoire, pagination, isolation processus, MMU, traduction d'adresse;;
;;;;;"C3 ""Spécifier, concevoir et modéliser des algorithmes et des programmes informatiques""";1;
;;;;Capacité;Programmer un mécanisme d'appel système;;
;;;;Connaissance;Compilation séparé, édition de lien;;
;;;;Connaissance;Mode d'exécutions et privilèges CPU;;
;;;;Connaissance;Appels système;;
;;;;Connaissance;Isolation noyau/application;;
;;;;Connaissance;Changement de contexte;;
;;;;;"B2 ""Travailler, apprendre, évoluer de manière autonome""";M;
;;;;;"B3 ""Interagir avec les autres, travailler en équipe""";M;
;;;;;"A2 ""Développer une démarche expérimentale""";M;
;;;;;"A4 ""Mettre en perspective les connaissances scientifiques avec l'évolution des savoirs et des technologies""";M;
;;;;;"C5 ""Mettre en oeuvre, réaliser, développer, déployer des systèmes de transmission et de traitement des signaux/images/données""";M;
TC-5-OPT;Options de 5TC;MLR;OSI;;"A1 ""Résoudre les questions posées par un problème scientifique en étant conscient des limites""";2;
;;;;Capacité;Implémenter un comportement de navigation réactive et de téléopération;;
;;;;Capacité;Implémenter un algorithme de planification et suivi de chemin (type A*);;
;;;;Capacité;Développer sur le middleware ROS (Robotic Operating System);;
;;;;Capacité;Piloter un robot Turtlebot;;
;;;;Capacité;Exploiter une camera pour la navigation d'un robot;;
;;;;Connaissance;Différentes architectures de contrôle;;
;;;;Connaissance;Représentations de l'environnement (carte métrique, topologique,..);;
;;;;Connaissance;Problèmes multi-robot tel que la connectivité et la cartographie et solutions;;
;;;;Connaissance;Navigation réactive pour robot mobile;;
;;;;Connaissance;Principaux types de capteurs (laser, camera 2D/3D);;
;;;;Connaissance;Le middleware ROS;;
;;;;Connaissance;Plateforme robots Turtlebots.;;
;;;;;"A5 ""Identifier, formuler et résoudre un problème d'ingénierie complexe""";2;
;;;;;"C3 ""Spécifier, concevoir et modéliser des algorithmes et des programmes informatiques""";2;
;;;;;"C7 ""Mettre en œuvre, réaliser, développer, déployer des programmes informatiques""";2;
;;;;;"C1 ""Spécifier, concevoir et modéliser des systèmes de transmission et de traitement des signaux/images/données""";1;
;;;;;"B2 ""Travailler, apprendre, évoluer de manière autonome""";M;
;;;;;"B3 ""Interagir avec les autres, travailler en équipe""";M;
;;;;;"A2 ""Développer une démarche expérimentale""";M;
;;;;;"A4 ""Mettre en perspective les connaissances scientifiques avec l'évolution des savoirs et des technologies""";M;
;;;;;"C5 ""Mettre en oeuvre, réaliser, développer, déployer des systèmes de transmission et de traitement des signaux/images/données""";M;
TC-5-OPT;Options de 5TC;IAR;OSI;;"A1 ""Résoudre les questions posées par un problème scientifique en étant conscient des limites""";2;x
;;;;Capacité;Connaître les enjeux de l'IA en Robotique;;
;;;;Capacité;Implémenter un algorithme de plus court chemin comme A*;;
;;;;Capacité ;Modéliser un problème de prise de décision comme un MDP;;
;;;;Capacité;Expliquer les objectifs sous-jacents de l¿apprentissage par renforcement;;
;;;;Capacité;Comprendre les principaux résultats de convergence des algorithmes de programmation dynamique;;
;;;;Capacité;Implémenter les algorithmes d¿apprentissage par renforcement exacts et approchés;;
;;;;Connaissance;Agent : architectures pour la robotique, Systèmes-Multi-Agents;;
;;;;Connaissance;Architectures bio-inspirées et Swarm robotics;;
;;;;Connaissance;Algorithmes de planification A*;;
;;;;Connaissance;Processus décisionnel de Markov (MDP);;
;;;;Connaissance;Problème d¿apprentissage par renforcement;;
;;;;Connaissance;Algorithmes d¿apprentissage par renforcement: policy, value iteration, Qlearning, Sarsa, DQN, policy gradient;;
;;;;Connaissance;Schémas d'approximation linéaire et non-linéaire (avec réseaux de neurones);;
;;;;;"A2 ""Développer une démarche expérimentale""";2;
;;;;;"A3 ""Mettre en œuvre une démarche scientifique""";2;
;;;;;"A4 ""Mettre en perspective les connaissances scientifiques avec l'évolution des savoirs et des technologies""";2;
;;;;;"A5 ""Identifier, formuler et résoudre un problème d'ingénierie complexe""";2;
;;;;;"C1 ""Spécifier, concevoir et modéliser des systèmes de transmission et de traitement des signaux/images/données""";2;
;;;;;"C3 ""Spécifier, concevoir et modéliser des algorithmes et des programmes informatiques""";2;
;;;;;"C8 ""Opérer, analyser, améliorer des systèmes numériques""";2;
;;;;;"B2 ""Travailler, apprendre, évoluer de manière autonome""";M;
;;;;;"B3 ""Interagir avec les autres, travailler en équipe""";M;
TC-5-OPT;Options de 5TC;OP3-PRJ;OSI;;"A5 ""Identifier, formuler et résoudre un problème d'ingénierie complexe""";3;
;;;;;"C3 ""Spécifier, concevoir et modéliser des algorithmes et des programmes informatiques""";3;
;;;;;"B3 ""Interagir avec les autres, travailler en équipe""";3;
;;;;;"A1 ""Résoudre les questions posées par un problème scientifique en étant conscient des limites""";2;
;;;;;"A2 ""Développer une démarche expérimentale""";2;
;;;;;"C7 ""Mettre en œuvre, réaliser, développer, déployer des programmes informatiques""";2;
;;;;;"B2 ""Travailler, apprendre, évoluer de manière autonome""";2;
;;;;;"B4 ""Faire preuve de créativité, innover, entreprendre""";2;
;;;;;"A4 ""Mettre en perspective les connaissances scientifiques avec l'évolution des savoirs et des technologies""";M;
;;;;;"C1 ""Spécifier, concevoir et modéliser des systèmes de transmission et de traitement des signaux/images/données""";M;
;;;;;"B1 ""Se connaître, se gérer physiquement et mentalement""";M;
;;;;;"A3 ""Mettre en œuvre une démarche scientifique""";M;
TC-5-OPT;Options de 5TC;ELK;SFR;;"C7 ""Mettre en œuvre, réaliser, développer, déployer des programmes informatiques""";2;
;;;;Capacité;Prendre en main une infrastructure de traitement massif de données;;
;;;;Capacité;Visualiser des données sous différentes formes;;
;;;;Capacité;Collecter des données issues de sites web distant d'information;;
;;;;Capacité;Comprendre les problèmes de passage à l'échelle pour la collecte de données;;
;;;;Capacité;Développer des outils de collectes conformes aux contraintes d'accès;;
;;;;Connaissance;ElasticSearch;;
;;;;Connaissance;Kibana;;
;;;;Connaissance;LogStash;;
;;;;Connaissance;Beats;;
;;;;;"C3 ""Spécifier, concevoir et modéliser des algorithmes et des programmes informatiques""";M;
;;;;;"B2 ""Travailler, apprendre, évoluer de manière autonome""";M;
TC-5-OPT;Options de 5TC;CIA;HTR;;"A5 ""Identifier, formuler et résoudre un problème d'ingénierie complexe""";3;
;;;;;"B3 ""Interagir avec les autres, travailler en équipe""";3;
;;;;;"A2 ""Développer une démarche expérimentale""";2;
;;;;;"C8 ""Opérer, analyser, améliorer des systèmes numériques""";2;
;;;;;"B4 ""Faire preuve de créativité, innover, entreprendre""";2;
;;;;;"A1 ""Résoudre les questions posées par un problème scientifique en étant conscient des limites""";1;
;;;;;"C9 ""Conduire des projets dans le domaine du numérique""";1;
;;;;;"B5 ""Agir de manière responsable dans un monde complexe""";1;
;;;;;"A4 ""Mettre en perspective les connaissances scientifiques avec l'évolution des savoirs et des technologies""";M;
;;;;;"C3 ""Spécifier, concevoir et modéliser des algorithmes et des programmes informatiques""";M;
;;;;;"C4 ""Spécifier et dimensionner des systèmes numériques en réponse au besoin clients""";M;
;;;;;"C7 ""Mettre en œuvre, réaliser, développer, déployer des programmes informatiques""";M;
;;;;;"B1 ""Se connaître, se gérer physiquement et mentalement""";M;
;;;;;"B2 ""Travailler, apprendre, évoluer de manière autonome""";M;
TC-5-OPT;Options de 5TC;SRS;FLE;;"C7 ""Mettre en œuvre, réaliser, développer, déployer des programmes informatiques""";3;
;;;;Capacité;Concevoir un système d'information sécurisé;;
;;;;Capacité;Réaliser une analyse critique des produits de sécurité;;
;;;;Connaissance;Classes de vulnérabilités;;
;;;;Connaissance;Modèles de contrôle d'accès;;
;;;;Connaissance;Limites théoriques et pratiques des outils de sécurité;;
;;;;Connaissance;Sécurité logicielle, vulnérabilités, contrôle d'accès;;
;;;;;"C6 ""Mettre en œuvre, réaliser, développer, déployer des réseaux et des protocoles""";3;
;;;;Capacité;Concevoir un système d'information sécurisé;;
;;;;Connaissance;Usage et mise en oeuvre d'un IDS;;
;;;;Connaissance;Mécanismes de sécurité du WiFi;;
;;;;Connaissance;IDS, Sécurité wifi;;
;;;;;"A4 ""Mettre en perspective les connaissances scientifiques avec l'évolution des savoirs et des technologies""";2;
;;;;Capacité;Analyser et expliquer une attaque documentée;;
;;;;Connaissance;Usage et mise en oeuvre d'un IDS;;
;;;;;"B5 ""Agir de manière responsable dans un monde complexe""";M;
TC-5-OPT;Options de 5TC;SVP;MCU;;"C8 ""Opérer, analyser, améliorer des systèmes numériques""";2;
;;;;Capacité;Comprendre les enjeux en matière de vie privée, les risques associés et leurs impacts;;
;;;;Capacité;Réaliser une analyse critique d'un système sous l'angle de la protection des données personnelles;;
;;;;Capacité;Intégrer des solutions de protection de la vie privée au sein de produits;;
;;;;;"A4 ""Mettre en perspective les connaissances scientifiques avec l'évolution des savoirs et des technologies""";1;
;;;;;"A5 ""Identifier, formuler et résoudre un problème d'ingénierie complexe""";1;
;;;;;"B5 ""Agir de manière responsable dans un monde complexe""";1;
;;;;;"B4 ""Faire preuve de créativité, innover, entreprendre""";M;
;;;;;"A1 ""Résoudre les questions posées par un problème scientifique en étant conscient des limites""";M;
;;;;;"C2 ""Spécifier, concevoir et modéliser des réseaux de communication et des protocoles""";M;
;;;;;"C3 ""Spécifier, concevoir et modéliser des algorithmes et des programmes informatiques""";M;
;;;;;"C4 ""Spécifier et dimensionner des systèmes numériques en réponse au besoin clients""";M;
;;;;;"B2 ""Travailler, apprendre, évoluer de manière autonome""";M;
;;;;;"B3 ""Interagir avec les autres, travailler en équipe""";M;
TC-5-OPT;Options de 5TC;OP4-PRJ;FLE;;"A5 ""Identifier, formuler et résoudre un problème d'ingénierie complexe""";3;
;;;;;"C6 ""Mettre en œuvre, réaliser, développer, déployer des réseaux et des protocoles""";3;
;;;;;"C7 ""Mettre en œuvre, réaliser, développer, déployer des programmes informatiques""";3;
;;;;;"C9 ""Conduire des projets dans le domaine du numérique""";1;
;;;;;"C3 ""Spécifier, concevoir et modéliser des algorithmes et des programmes informatiques""";M;
;;;;;"B2 ""Travailler, apprendre, évoluer de manière autonome""";M;
;;;;;"B3 ""Interagir avec les autres, travailler en équipe""";M;
;;;;;"B4 ""Faire preuve de créativité, innover, entreprendre""";M;
TC-5-OPT;Options de 5TC;CSAD;RKE;;"A1 ""Résoudre les questions posées par un problème scientifique en étant conscient des limites""";1;
;;;;Connaissance;Comprendre l'écosystème de calcul scientifique en Python;;
;;;;Connaissance;Comprendre les principes algorithmiques de l'apprentissage statistique et neuronal;;
;;;;Connaissance;Comprendre les infrastructures de calcul distribué (Data_Form et cloud) et leurs usages;;
;;;;Connaissance;"Comprendre les algorithmes de détection de communautés appliqués aux graphes aléatoires, temporels, small world et ""scale-free"".";;
;;;;Capacité;Implanter un workflow de calcul allant de l'accès aux données jusqu'à la visualisation des résultats;;
;;;;Capacité;Concevoir et entraîner un réseau de neurones profond pour un problème de classification;;
;;;;Capacité;Exploiter les infrastructures de calcul distribué (lancement d'applications dans le cloud, manipulation d'images virtuelles etc.);;
;;;;Capacité;Modéliser un jeu de données sous la forme d'un graphe;;
;;;;Capacité;Identifier et appliquer les algorithmes adaptés à un modèle de graphe donné;;
;;;;;"A2 ""Développer une démarche expérimentale""";1;
;;;;;"A3 ""Mettre en œuvre une démarche scientifique""";1;
;;;;;"C3 ""Spécifier, concevoir et modéliser des algorithmes et des programmes informatiques""";1;
;;;;;"C1 ""Spécifier, concevoir et modéliser des systèmes de transmission et de traitement des signaux/images/données""";M;
;;;;;"A4 ""Mettre en perspective les connaissances scientifiques avec l'évolution des savoirs et des technologies""";M;
;;;;;"C7 ""Mettre en œuvre, réaliser, développer, déployer des programmes informatiques""";M;
;;;;;"B3 ""Interagir avec les autres, travailler en équipe""";M;
;;;;;"B4 ""Faire preuve de créativité, innover, entreprendre""";M;
TC-5-OPT;Options de 5TC;5TC-ARC;OGA;;"C8 ""Opérer, analyser, améliorer des systèmes numériques""";3;x
;;;;Capacité;Analyser des enjeux stratégiques,;;
;;;;Capacité;Auditer de sécurité pour identifier les scénarios de menace , caractériser et évaluer les risques,;;
;;;;Capacité;Produire un plan de traitement des risques;;
;;;;Connaissance;Etudier et utiliser deux méthodes différentes d'analyse de risques;;
;;;;Connaissance;Etude de la norme iso27005;;
;;;;;"A5 ""Identifier, formuler et résoudre un problème d'ingénierie complexe""";M;
;;;;;"B3 ""Interagir avec les autres, travailler en équipe""";M;
;;;;;"B4 ""Faire preuve de créativité, innover, entreprendre""";M;
;;;;;"B2 ""Travailler, apprendre, évoluer de manière autonome""";M;
TC-5-OPT;Options de 5TC;HOPE;VMU;;"B5 ""Agir de manière responsable dans un monde complexe""";3;
;;;;;"B2 ""Travailler, apprendre, évoluer de manière autonome""";M;
;;;;;"B3 ""Interagir avec les autres, travailler en équipe""";M;
;;;;Capacité;Evaluer les apports et limites d'un enjeu socio-technique;;
;;;;Capacité;Transmettre les résultats d'une étude sous forme de partage collectif;;
;;;;Connaissance;Etude sociologique de terrain;;
TC-5-OPT;Options de 5TC;BTC;PGU;;"C7 ""Mettre en œuvre, réaliser, développer, déployer des programmes informatiques""";3;
;;;;Connaissance;Codes du bitcoin et des crypto-monnaies à preuve de travail;;
;;;;Capacité;Paramétrer et compiler une crypto-monnaie, amorcer une blockchain, expérimenter;;
;;;;Capacité;Mobiliser et articuler les différents logiciels blockchain et crypto-monnaies;;
;;;;;"C8 ""Opérer, analyser, améliorer des systèmes numériques""";2;
;;;;Connaissance;Organisation des projets blockchain/crypto-monnaies;;
;;;;Connaissance;Histoire et évolution des technologies blockchain/crypto-monnaies/DAO;;
;;;;Connaissance;Logiciels et services participant à l’écosystème des réseaux crypto-monétaires;;
;;;;Connaissance;Tokens ERC20 et smart contracts Ethereum ;;
;;;;Connaissance;Habitat numérique des projets blockchain/crypto-monnaies;;
;;;;Capacité;Créer des smart contracts;;
;;;;Capacité;Trouver l'information relative aux projets blockchain/crypto-monnaies;;
;;;;Capacité;Faire des choix technologiques liés à l’état de la technique et au contexte d’usage;;
;;;;;"B4 ""Faire preuve de créativité, innover, entreprendre""";M;
;;;;;"B2 ""Travailler, apprendre, évoluer de manière autonome""";M;
;;;;;"A5 ""Identifier, formuler et résoudre un problème d'ingénierie complexe""";M;
TC-5-P-PFE-S9;Projet de Fin d'Etudes R&D;PILS;SFR;;"C9 ""Conduire des projets dans le domaine du numérique""";3;
;;;;Capacité;Mettre en place un processus d'amélioration d'idées;;
;;;;Capacité;Savoir démarrer un projet technologique sur la base de connaissances acquises;;
;;;;Capacité;Comprendre la valeur de l'usage;;
;;;;Connaissance;LeanStartup;;
;;;;Connaissance;Réalisation de vidéos support;;
;;;;Connaissance;Prototypage rapide de solutions;;
;;;;Connaissance;Projet, Innovation, LeanStartup;;
;;;;;"B2 ""Travailler, apprendre, évoluer de manière autonome""";3;
;;;;Capacité;Mettre en place un outil de gestion de projet d'équipe;;
;;;;;"B3 ""Interagir avec les autres, travailler en équipe""";M;
;;;;;"B4 ""Faire preuve de créativité, innover, entreprendre""";M;
;;;;;"A5 ""Identifier, formuler et résoudre un problème d'ingénierie complexe""";M;
TC-5-STA-S10;Stage en entreprise S10;STA5;ISO;;"B6 ""Se situer, travailler, évoluer dans une entreprise, une organisation socio-productive""";3;x
;;;;Capacité;Estimer leur charge de travail,;;
;;;;Capacité;Travailler en équipe, collaborer;;
;;;;Capacité;Rédiger un rapport de projet, une note de synthèse;;
;;;;Connaissance;Notions de savoir être, code en entreprise;;
;;;;Connaissance;Notions de relations manager, équipe, collaborateur;;
;;;;Connaissance;Management de projet, méthodologie Agile;;
;;;;;"B3 ""Interagir avec les autres, travailler en équipe""";M;
;;;;;"B4 ""Faire preuve de créativité, innover, entreprendre""";M;
;;;;;"B5 ""Agir de manière responsable dans un monde complexe""";M;
;;;;;"B1 ""Se connaître, se gérer physiquement et mentalement""";M;
;;;;;"B2 ""Travailler, apprendre, évoluer de manière autonome""";M;